scopus_id,eid,title,creator,publication_name,issn,eissn,volume,issue_identifier,page_range,cover_date,cover_display_date,doi,citedby_count,abstract,author_keywords,author_count,authors,affiliations,aggregation_type,subtype,subtype_description,open_access,open_access_flag,similarity
SCOPUS_ID:85147248776,2-s2.0-85147248776,Scenario-dominance to multi-stage stochastic lot-sizing and knapsack problems,Büyüktahtakın E.,Computers and Operations Research,03050548,,153,,,2023-05-01,May 2023,10.1016/j.cor.2023.106149,11,"This paper presents strong scenario dominance cuts for effectively solving the multi-stage stochastic mixed-integer programs (M-SMIPs), specifically focusing on the two most well-known M-SMIPs: stochastic capacitated multi-item lot-sizing (S-MCLSP) and the stochastic dynamic multi-dimensional knapsack (S-MKP) problems. Scenario dominance is characterized by a partial ordering of scenarios based on the pairwise comparisons of random variable realizations in a scenario tree of a stochastic program. In this paper, we study the implications of scenario-dominance relations and inferences obtained by solving scenario sub-problems to drive new strong cutting planes to solve S-MCLSP and S-MKP instances faster. Computational experiments demonstrate that our strong scenario dominance cuts can significantly reduce the solution time for such M-SMIP problems with an average of 0.06% deviation from the optimal solution. The results with up to 81 random variables for S-MKP show that strong dominance cuts improve the state-of-the-art solver solution of two hours by 0.13% in five minutes. The proposed framework can also be applied to other scenario-based optimization problems.",Bounds | Cutting planes | Dynamic knapsack problem | Inventory-production management | Lot-sizing | MIP test problem library | Multi-stage stochastic mixed-integer programs | Partial ordering of scenarios | Scenario dominance | Scenario tree | Stochastic,1,"[{""authid"": ""37041223500"", ""authname"": ""B\u00fcy\u00fcktahtak\u0131n E."", ""surname"": ""B\u00fcy\u00fcktahtak\u0131n"", ""given_name"": ""Esra"", ""initials"": ""E."", ""afid"": [{""@_fa"": ""true"", ""$"": ""60157272""}]}]","[{""afid"": ""60157272"", ""affilname"": ""Virginia Tech College of Engineering"", ""affiliation_city"": ""Blacksburg"", ""affiliation_country"": ""United States""}]",Journal,ar,Article,1,True,0.5003255071069985
SCOPUS_ID:85166633832,2-s2.0-85166633832,Data-driven integrated home service staffing and capacity planning: Stochastic optimization approaches,Wang R.,Computers and Operations Research,03050548,,159,,,2023-11-01,November 2023,10.1016/j.cor.2023.106348,9,"We address a home service staffing and capacity planning (HSCP) problem under uncertainty. Specifically, given sets of providers, service types, and days in the planning horizon, we aim to determine the number of providers to hire (staffing) and the allocation of hired providers to different types of services (capacity planning). Data from a collaborating home services provider in Beijing demonstrate significant variability in customer demand within and across service types. Service duration is also random. The objective is to minimize the total cost associated with staffing, capacity allocation, over-staffing, and under-staffing. We propose two-stage stochastic programming (SP) and data-driven distributionally robust optimization (DRO) approaches to address demand and service time uncertainty considering two types of decision-makers, namely an everything-in-advance decision-maker (EA) and a flexible adjustment decision-maker (FA). In the EA models, we determine the staffing and capacity allocation decisions in the first stage before observing the demand. In the FA models, we make staffing decisions in the first stage and then determine the allocations based on demand realizations in the second stage. We derive equivalent mixed-integer linear programming (MILP) reformulations of the proposed DRO models for the EA decision-maker that can be implemented and efficiently solved using off-the-shelf optimization software. We propose a computationally efficient column-and-constraint generation algorithm with valid inequalities to solve the proposed DRO models for the FA decision-maker. Numerical experiments based on data from a home services provider in Beijing are used to compare the proposed approaches and illustrate the potential for impact in practice.",Home care | Integer programming | OR in service industries | Staffing and capacity planning | Stochastic optimization | Uncertainty,4,"[{""authid"": ""57861147900"", ""authname"": ""Wang R."", ""surname"": ""Wang"", ""given_name"": ""Ridong"", ""initials"": ""R."", ""afid"": [{""@_fa"": ""true"", ""$"": ""60025278""}]}, {""authid"": ""56414842400"", ""authname"": ""Shehadeh K.S."", ""surname"": ""Shehadeh"", ""given_name"": ""Karmel S."", ""initials"": ""K.S."", ""afid"": [{""@_fa"": ""true"", ""$"": ""60146240""}]}, {""authid"": ""55262307300"", ""authname"": ""Xie X."", ""surname"": ""Xie"", ""given_name"": ""Xiaolei"", ""initials"": ""X."", ""afid"": [{""@_fa"": ""true"", ""$"": ""60025278""}]}, {""authid"": ""14070354800"", ""authname"": ""Li L."", ""surname"": ""Li"", ""given_name"": ""Lefei"", ""initials"": ""L."", ""afid"": [{""@_fa"": ""true"", ""$"": ""60025278""}]}]","[{""afid"": ""60025278"", ""affilname"": ""Tsinghua University"", ""affiliation_city"": ""Beijing"", ""affiliation_country"": ""China""}, {""afid"": ""60146240"", ""affilname"": ""P.C. Rossin College of Engineering & Applied Science"", ""affiliation_city"": ""Bethlehem"", ""affiliation_country"": ""United States""}]",Journal,ar,Article,0,False,0.4497210535699635
SCOPUS_ID:85189761123,2-s2.0-85189761123,Distributionally robust scheduling of stochastic knapsack arrivals,Bos H.,Computers and Operations Research,03050548,,167,,,2024-07-01,July 2024,10.1016/j.cor.2024.106641,6,"This paper studies the discrete-time Stochastic Knapsack with Periodic Scheduled Arrivals (SKPSA). The goal is to find a schedule such that the capacity usage of the unconstrained cousin of the knapsack is as close as possible to a target utilization. We approximate the SKPSA with a Wasserstein distance based Distributionally Robust Optimization (DRO) model, resulting in the DRO-SKPSA. We present an algorithm that efficiently solves this model, and show that the DRO-SKPSA produces robust schedules. The problem arises in particular in healthcare settings in the development of Master Surgical Schedules (MSSs). We discuss managerial insights for MSSs with downstream capacity constraints.",Cyclic schedule | Distributionally robust optimization | Master surgical schedule | Scheduled arrivals | Stochastic knapsack | Wasserstein distance,4,"[{""authid"": ""58148137700"", ""authname"": ""Bos H."", ""surname"": ""Bos"", ""given_name"": ""Hayo"", ""initials"": ""H."", ""afid"": [{""@_fa"": ""true"", ""$"": ""60070171""}, {""@_fa"": ""true"", ""$"": ""60020599""}]}, {""authid"": ""7004590486"", ""authname"": ""Boucherie R.J."", ""surname"": ""Boucherie"", ""given_name"": ""Richard J."", ""initials"": ""R.J."", ""afid"": [{""@_fa"": ""true"", ""$"": ""60020599""}, {""@_fa"": ""true"", ""$"": ""60020599""}]}, {""authid"": ""8297520600"", ""authname"": ""Hans E.W."", ""surname"": ""Hans"", ""given_name"": ""Erwin W."", ""initials"": ""E.W."", ""afid"": [{""@_fa"": ""true"", ""$"": ""60020599""}, {""@_fa"": ""true"", ""$"": ""60020599""}]}, {""authid"": ""57112506600"", ""authname"": ""Leeftink G."", ""surname"": ""Leeftink"", ""given_name"": ""Gr\u00e9anne"", ""initials"": ""G."", ""afid"": [{""@_fa"": ""true"", ""$"": ""60020599""}, {""@_fa"": ""true"", ""$"": ""60020599""}]}]","[{""afid"": ""60020599"", ""affilname"": ""Universiteit Twente"", ""affiliation_city"": ""Enschede"", ""affiliation_country"": ""Netherlands""}, {""afid"": ""60070171"", ""affilname"": ""Diakonessenhuis Utrecht"", ""affiliation_city"": ""Utrecht"", ""affiliation_country"": ""Netherlands""}]",Journal,ar,Article,1,True,0.49943789163763463
SCOPUS_ID:85200331424,2-s2.0-85200331424,The assignment of project managers to projects in an uncertain dynamic environment,Rezaeian A.,Annals of Operations Research,02545330,15729338,341,2-3,1107-1134,2024-10-01,October 2024,10.1007/s10479-024-05958-x,1,"In this paper, we consider a project-based organization that deals with an assignment problem in which a set of projects must be assigned to a group of project managers. This assignment is done based on the relative contributions of projects to the organizational mission and a matching score between each pair of a project and a project manager. We assume that some projects are deterministic, and the organization has signed their corresponding contracts while others are stochastic, i.e. the organization has submitted bids for these projects and may or may not win them in the future. Furthermore, we consider a finite planning horizon and presume a predetermined start time for each deterministic and stochastic project. We develop two models including a multi-stage stochastic integer programming model and a stochastic dynamic programming model to solve the problem. The latter shows better performance for small-size and less complex instances whereas the former gives better performance for more complex instances. We also developed a heuristic algorithm to solve large-size and more complex instances. Computational results indicate that the developed heuristic algorithm can reach near-optimal solutions in reasonable CPU run times and dominates the two other solution approaches particularly for large-size instances.",Heuristic algorithm | Multi-stage stochastic programming | Project management | Stochastic dynamic programming | Stochastic generalized assignment problem,4,"[{""authid"": ""59245120200"", ""authname"": ""Rezaeian A."", ""surname"": ""Rezaeian"", ""given_name"": ""Aidin"", ""initials"": ""A."", ""afid"": [{""@_fa"": ""true"", ""$"": ""60001800""}]}, {""authid"": ""37117110200"", ""authname"": ""Koosha H."", ""surname"": ""Koosha"", ""given_name"": ""Hamidreza"", ""initials"": ""H."", ""afid"": [{""@_fa"": ""true"", ""$"": ""60001800""}]}, {""authid"": ""56475426000"", ""authname"": ""Ranjbar M."", ""surname"": ""Ranjbar"", ""given_name"": ""Mohammad"", ""initials"": ""M."", ""afid"": [{""@_fa"": ""true"", ""$"": ""60001800""}]}, {""authid"": ""54947351300"", ""authname"": ""Poormoaied S."", ""surname"": ""Poormoaied"", ""given_name"": ""Saeed"", ""initials"": ""S."", ""afid"": [{""@_fa"": ""true"", ""$"": ""60032882""}]}]","[{""afid"": ""60032882"", ""affilname"": ""Technische Universiteit Eindhoven"", ""affiliation_city"": ""Eindhoven"", ""affiliation_country"": ""Netherlands""}, {""afid"": ""60001800"", ""affilname"": ""Ferdowsi University of Mashhad"", ""affiliation_city"": ""Mashhad"", ""affiliation_country"": ""Iran""}]",Journal,ar,Article,1,True,0.5237646496653608
SCOPUS_ID:85211125182,2-s2.0-85211125182,Multiskilled workforce staffing and scheduling: A logic-based Benders’ decomposition approach,Nasirian A.,European Journal of Operational Research,03772217,,323,1,20-33,2025-05-16,16 May 2025,10.1016/j.ejor.2024.11.033,2,"We study the staffing and scheduling problem of a multiskilled workforce with uncertain demand. We formulate the problem as a two-stage stochastic integer program. The first stage considers strategic decisions, including recruiting permanent staff from an available pool and training them with additional skills, and the second stage focuses on operational decisions, involving the allocation of the multiskilled workforce and the hiring of temporary staff to accommodate uncertain demand. To effectively solve problems of practical sizes, we develop a novel solution algorithm based on the logic-based Benders’ decomposition (LBBD) approach, incorporating a customized analytical cut. We validate our approach through a case study using the data from a prefabrication company, demonstrating the significant cost savings achieved through workforce multiskilling. Our experimental results show that the proposed method is substantially more efficient than the latest Gurobi solver, up to 133 times faster and on average 29 times faster than directly solving the monolithic deterministic equivalent problem (MDEP).",Logic-based Benders’ decomposition | Multiskilled workforce | Staffing and scheduling | Two-stage stochastic programming,4,"[{""authid"": ""57203994015"", ""authname"": ""Nasirian A."", ""surname"": ""Nasirian"", ""given_name"": ""Araz"", ""initials"": ""A."", ""afid"": [{""@_fa"": ""true"", ""$"": ""60011362""}]}, {""authid"": ""37562307200"", ""authname"": ""Zhang L."", ""surname"": ""Zhang"", ""given_name"": ""Lele"", ""initials"": ""L."", ""afid"": [{""@_fa"": ""true"", ""$"": ""60118644""}, {""@_fa"": ""true"", ""$"": ""131522701""}]}, {""authid"": ""22933481700"", ""authname"": ""Costa A.M."", ""surname"": ""Costa"", ""given_name"": ""Alysson M."", ""initials"": ""A.M."", ""afid"": [{""@_fa"": ""true"", ""$"": ""60118644""}, {""@_fa"": ""true"", ""$"": ""131522701""}]}, {""authid"": ""14420854700"", ""authname"": ""Abbasi B."", ""surname"": ""Abbasi"", ""given_name"": ""Babak"", ""initials"": ""B."", ""afid"": [{""@_fa"": ""true"", ""$"": ""60011362""}]}]","[{""afid"": ""60011362"", ""affilname"": ""RMIT University"", ""affiliation_city"": ""Melbourne"", ""affiliation_country"": ""Australia""}, {""afid"": ""60118644"", ""affilname"": ""School of Mathematics and Statistics"", ""affiliation_city"": ""Melbourne"", ""affiliation_country"": ""Australia""}, {""afid"": ""131522701"", ""affilname"": ""ARC Industrial Transformation Training Centre in Optimisation Technologies"", ""affiliation_city"": null, ""affiliation_country"": ""Australia""}]",Journal,ar,Article,1,True,0.45233371902097064
SCOPUS_ID:85110209733,2-s2.0-85110209733,Balancing the profit and capacity under uncertainties: a target-based distributionally robust knapsack problem,Ding J.,International Transactions in Operational Research,09696016,14753995,29,2,760-782,2022-03-01,March 2022,10.1111/itor.13031,5,"As a well-developed optimization problem, the knapsack problem has been broadly applied in various fields involving resource allocations, especially production planning. In this paper, we propose a target-based distributionally robust knapsack problem (TDRKP), considering both uncertain profit and capacity, as well as the impact of a given target for profit. Based on a shortfall risk measure and piecewise utility function, the violation risk of the target is investigated. To solve the model efficiently, TDRKP is reformulated into computationally tractable form as a second-order conic program. Through a series of numerical experiments, we verify that the proposed TDRKP formulation performs better than both the sample average approximation model and the minimizing violation probabilities model.",distributionally robust optimization | knapsack problem | profit and capacity | target,5,"[{""authid"": ""57226018418"", ""authname"": ""Ding J."", ""surname"": ""Ding"", ""given_name"": ""Jianpeng"", ""initials"": ""J."", ""afid"": [{""@_fa"": ""true"", ""$"": ""60010851""}]}, {""authid"": ""12645239100"", ""authname"": ""Chen L."", ""surname"": ""Chen"", ""given_name"": ""Liuxin"", ""initials"": ""L."", ""afid"": [{""@_fa"": ""true"", ""$"": ""60010851""}]}, {""authid"": ""47661300400"", ""authname"": ""Ke G.Y."", ""surname"": ""Ke"", ""given_name"": ""Ginger Y."", ""initials"": ""G.Y."", ""afid"": [{""@_fa"": ""true"", ""$"": ""60019000""}]}, {""authid"": ""57216686504"", ""authname"": ""Li Y."", ""surname"": ""Li"", ""given_name"": ""Yuanbo"", ""initials"": ""Y."", ""afid"": [{""@_fa"": ""true"", ""$"": ""60033100""}]}, {""authid"": ""56193363100"", ""authname"": ""Zhang L."", ""surname"": ""Zhang"", ""given_name"": ""Lianmin"", ""initials"": ""L."", ""afid"": [{""@_fa"": ""true"", ""$"": ""60033100""}, {""@_fa"": ""true"", ""$"": ""60128916""}]}]","[{""afid"": ""60033100"", ""affilname"": ""Nanjing University"", ""affiliation_city"": ""Nanjing"", ""affiliation_country"": ""China""}, {""afid"": ""60010851"", ""affilname"": ""Hohai University"", ""affiliation_city"": ""Nanjing"", ""affiliation_country"": ""China""}, {""afid"": ""60019000"", ""affilname"": ""Memorial University of Newfoundland"", ""affiliation_city"": ""St John's"", ""affiliation_country"": ""Canada""}, {""afid"": ""60128916"", ""affilname"": ""Shenzhen Research Institute of Big Data"", ""affiliation_city"": ""Shenzhen"", ""affiliation_country"": ""China""}]",Journal,ar,Article,0,False,0.47114397235009764
SCOPUS_ID:85123188749,2-s2.0-85123188749,On sample average approximation for two-stage stochastic programs without relatively complete recourse,Chen R.,Mathematical Programming,00255610,14364646,196,1-2,719-754,2022-11-01,November 2022,10.1007/s10107-021-01753-9,14,"We investigate sample average approximation (SAA) for two-stage stochastic programs without relatively complete recourse, i.e., for problems in which there are first-stage feasible solutions that are not guaranteed to have a feasible recourse action. As a feasibility measure of the SAA solution, we consider the “recourse likelihood”, which is the probability that the solution has a feasible recourse action. For ϵ∈ (0 , 1) , we demonstrate that the probability that a SAA solution has recourse likelihood below 1 - ϵ converges to zero exponentially fast with the sample size. Next, we analyze the rate of convergence of optimal solutions of the SAA to optimal solutions of the true problem for problems with a finite feasible region, such as bounded integer programming problems. For problems with non-finite feasible region, we propose modified “padded” SAA problems and demonstrate in two cases that such problems can yield, with high confidence, solutions that are certain to have a feasible recourse decision. Finally, we conduct a numerical study on a two-stage resource planning problem that illustrates the results, and also suggests there may be room for improvement in some of the theoretical analysis.",Chance constraints | Mixed-integer programming | Sample average approximation | Stochastic programming,2,"[{""authid"": ""57218453623"", ""authname"": ""Chen R."", ""surname"": ""Chen"", ""given_name"": ""Rui"", ""initials"": ""R."", ""afid"": [{""@_fa"": ""true"", ""$"": ""60153131""}]}, {""authid"": ""57203546526"", ""authname"": ""Luedtke J."", ""surname"": ""Luedtke"", ""given_name"": ""James"", ""initials"": ""J."", ""afid"": [{""@_fa"": ""true"", ""$"": ""60153131""}]}]","[{""afid"": ""60153131"", ""affilname"": ""UW-Madison College of Engineering"", ""affiliation_city"": ""Madison"", ""affiliation_country"": ""United States""}]",Journal,ar,Article,2,False,0.4960775729597356
SCOPUS_ID:105001308598,2-s2.0-105001308598,Budget-Driven Multiperiod Hub Location: A Robust Time-Series Approach,Hu J.,Operations Research,0030364X,15265463,73,2,613-631,2025-03-01,March 2025,10.1287/opre.2022.0319,2,"We study the (un)capacitated multiperiod hub location problem with uncertain periodic demands. With a distributionally robust approach that considers time series, we build a model driven by budgets on periodic costs. In particular, we construct a nested ambiguity set that characterizes uncertain periodic demands via a general multivariate time-series model, and to ensure stable periodic costs, we propose to constrain each expected periodic cost within a budget whereas optimizing the robustness level by maximizing the size of the nested ambiguity set. Statistically, the nested ambiguity set ensures that the model’s solution enjoys finite-sample performance guarantees under certain regularity conditions on the underlying VAR(p) or VARMA(p, q) process of the stochastic demand. Operationally, we show that our budget-driven model in the uncapacitated case essentially optimizes a “Sharpe ratio”–type criterion over the worst case among all periods, and we discuss how cost budgets would affect the optimal robustness level. Computationally, the uncapacitated model can be efficiently solved via a bisection search algorithm that solves (in each iteration) a mixed-integer conic program, whereas the capacitated model can be approximated by using decision rules. Finally, numerical experiments demonstrate the attractiveness and competitiveness of our proposed model.",financial budget | hub location | robust optimization | time series | Wasserstein distance,3,"[{""authid"": ""58872826400"", ""authname"": ""Hu J."", ""surname"": ""Hu"", ""given_name"": ""Jie"", ""initials"": ""J."", ""afid"": [{""@_fa"": ""true"", ""$"": ""60022381""}, {""@_fa"": ""true"", ""$"": ""60027363""}]}, {""authid"": ""57210579643"", ""authname"": ""Chen Z."", ""surname"": ""Chen"", ""given_name"": ""Zhi"", ""initials"": ""Z."", ""afid"": [{""@_fa"": ""true"", ""$"": ""60256697""}]}, {""authid"": ""56364907500"", ""authname"": ""Wang S."", ""surname"": ""Wang"", ""given_name"": ""Shuming"", ""initials"": ""S."", ""afid"": [{""@_fa"": ""true"", ""$"": ""60027363""}, {""@_fa"": ""true"", ""$"": ""131765489""}]}]","[{""afid"": ""60027363"", ""affilname"": ""University of Chinese Academy of Sciences"", ""affiliation_city"": ""Beijing"", ""affiliation_country"": ""China""}, {""afid"": ""60022381"", ""affilname"": ""Beijing Jiaotong University"", ""affiliation_city"": ""Beijing"", ""affiliation_country"": ""China""}, {""afid"": ""60256697"", ""affilname"": ""CUHK Business School"", ""affiliation_city"": ""Hong Kong"", ""affiliation_country"": ""Hong Kong""}, {""afid"": ""131765489"", ""affilname"": ""MOE Social Science Laboratory of Digital Economic Forecasts and Policy Simulation"", ""affiliation_city"": ""Beijing"", ""affiliation_country"": ""China""}]",Journal,ar,Article,0,False,0.4622312932985801
SCOPUS_ID:105006751993,2-s2.0-105006751993,Tight Guarantees for Multiunit Prophet Inequalities and Online Stochastic Knapsack,Jiang J.,Operations Research,0030364X,15265463,73,3,1703-1721,2025-05-01,May 2025,10.1287/opre.2022.0309,3,"Prophet inequalities are a useful tool for designing online allocation procedures and comparing their performance to the optimal offline allocation. In the basic setting of k-unit prophet inequalities, a well-known procedure with its celebrated performance guarantee of 1 — 1/<sup>√</sup> k + 3 has found widespread adoption in mechanism design and general online allocation problems in online advertising, healthcare scheduling, and revenue management. Despite being commonly used to derive approximately optimal algorithms for multiresource allocation problems, the tightness of the 1 — 1/<sup>√</sup> k + 3 guarantee has remained unknown. In this paper, we characterize the tight guarantee for multiunit prophet inequalities, which we show is in fact strictly greater than 1 — 1/<sup>√</sup> k + 1 for all k > 1. This improvement is achieved using duality for a new linear programming (LP) that is based on online contention resolution schemes (OCRS), and as a by-product, we also show the Magician’s policy (but not guarantee) to be instance optimal. We also consider the more general online stochastic knapsack problem where each individual allocation can consume an arbitrary fraction of the initial capacity. Here we introduce a new “best-fit” procedure with a performance guarantee of <inf>3+</inf><sup>1</sup><inf>e</inf><inf>—2</inf> ≈ 0:319, which we also show is tight with respect to the standard LP relaxation. This improves the previously best-known guarantee of 0.2 for online knapsack. Our analysis differs from existing ones by eschewing the need to split items into “large” or “small” based on capacity consumption, using instead an invariant for the overall utilization on different sample paths. Finally, we refine our technique for the unit-density special case of knapsack, and improve the guarantee from 0.321 to 0.3557 in the multiresource appointment scheduling application of Stein et al. (2020).",approximation algorithms | online contention resolution scheme | online knapsack | prophet inequalities,3,"[{""authid"": ""57221798045"", ""authname"": ""Jiang J."", ""surname"": ""Jiang"", ""given_name"": ""Jiashuo"", ""initials"": ""J."", ""afid"": [{""@_fa"": ""true"", ""$"": ""60008592""}]}, {""authid"": ""57215023208"", ""authname"": ""Ma W."", ""surname"": ""Ma"", ""given_name"": ""Will"", ""initials"": ""W."", ""afid"": [{""@_fa"": ""true"", ""$"": ""60027552""}]}, {""authid"": ""57203378013"", ""authname"": ""Zhang J."", ""surname"": ""Zhang"", ""given_name"": ""Jiawei"", ""initials"": ""J."", ""afid"": [{""@_fa"": ""true"", ""$"": ""60108316""}]}]","[{""afid"": ""60008592"", ""affilname"": ""Hong Kong University of Science and Technology"", ""affiliation_city"": ""Hong Kong"", ""affiliation_country"": ""Hong Kong""}, {""afid"": ""60108316"", ""affilname"": ""Leonard N. Stern School of Business"", ""affiliation_city"": ""New York"", ""affiliation_country"": ""United States""}, {""afid"": ""60027552"", ""affilname"": ""Columbia Business School"", ""affiliation_city"": ""New York"", ""affiliation_country"": ""United States""}]",Journal,ar,Article,0,False,0.45867955323510484
SCOPUS_ID:85210021217,2-s2.0-85210021217,Robust knapsack ordering for a partially-informed newsvendor with budget constraint,Boonstra G.,Operations Research Letters,01676377,,58,,,2025-01-01,January 2025,10.1016/j.orl.2024.107202,2,"This paper studies a robust version of the multi-item newsvendor problem with limited budget. The demand distribution belongs to an ambiguity set that contains all distributions that share the same range, mean and mean absolute deviation. The resulting optimization problem turns out to be solvable by a method reminiscent of the greedy algorithm for continuous knapsack problems, purchasing items in order of marginal effect on the total cost until the budget is spent.",Distributionally robust optimization | Inventory management | Knapsack problem | Minimax analysis | Multi-item newsvendor model,3,"[{""authid"": ""58064980500"", ""authname"": ""Boonstra G."", ""surname"": ""Boonstra"", ""given_name"": ""Guus"", ""initials"": ""G."", ""afid"": [{""@_fa"": ""true"", ""$"": ""130034511""}]}, {""authid"": ""57200304089"", ""authname"": ""van Eekelen W.J.E.C."", ""surname"": ""van Eekelen"", ""given_name"": ""Wouter J.E.C."", ""initials"": ""W.J.E.C."", ""afid"": [{""@_fa"": ""true"", ""$"": ""60112748""}]}, {""authid"": ""35611755300"", ""authname"": ""van Leeuwaarden J.S.H."", ""surname"": ""van Leeuwaarden"", ""given_name"": ""Johan S.H."", ""initials"": ""J.S.H."", ""afid"": [{""@_fa"": ""true"", ""$"": ""60017145""}]}]","[{""afid"": ""60017145"", ""affilname"": ""Tilburg University"", ""affiliation_city"": ""Tilburg"", ""affiliation_country"": ""Netherlands""}, {""afid"": ""60112748"", ""affilname"": ""The University of Chicago Booth School of Business"", ""affiliation_city"": ""Chicago"", ""affiliation_country"": ""United States""}, {""afid"": ""130034511"", ""affilname"": ""Ig&h Consulting"", ""affiliation_city"": ""Utrecht"", ""affiliation_country"": ""Netherlands""}]",Journal,ar,Article,0,False,0.44601281949311616
SCOPUS_ID:85147568496,2-s2.0-85147568496,A two-stage robust approach for minimizing the weighted number of tardy jobs with objective uncertainty,Clautiaux F.,Journal of Scheduling,10946136,10991425,26,2,169-191,2023-04-01,April 2023,10.1007/s10951-022-00775-1,2,"Minimizing the weighted number of tardy jobs on one machine is a classical and intensively studied scheduling problem. In this paper, we develop a two-stage robust approach, where exact weights are known after accepting the jobs to be performed, and before sequencing them on the machine. This assumption allows diverse recourse decisions to be taken in order to better adapt one’s mid-term plan. The contribution of this paper is twofold: First, we introduce a new scheduling problem and model it as a min-max-min optimization problem with mixed-integer recourse by extending existing models proposed for the deterministic case. Second, we take advantage of the special structure of the problem to propose two solution approaches based on results from the recent robust optimization literature: namely the finite adaptability (Bertsimas and Caramanis in IEEE Trans Autom Control 55(12):2751–2766, 2010) and a convexification-based approach (Arslan and Detienne in INFORMS J Comput 34(2):857–871, 2022). We also study the additional cost of the solutions if the sequence of jobs has to be determined before the uncertainty is revealed. Computational experiments are reported to analyze the effectiveness of our approaches.",Exact approach | Integer programming | Mixed-integer recourse | One-machine scheduling | Robust optimization | Two-stage optimization,3,"[{""authid"": ""6506420955"", ""authname"": ""Clautiaux F."", ""surname"": ""Clautiaux"", ""given_name"": ""Fran\u00e7ois"", ""initials"": ""F."", ""afid"": [{""@_fa"": ""true"", ""$"": ""60106842""}]}, {""authid"": ""24170725100"", ""authname"": ""Detienne B."", ""surname"": ""Detienne"", ""given_name"": ""Boris"", ""initials"": ""B."", ""afid"": [{""@_fa"": ""true"", ""$"": ""60106842""}]}, {""authid"": ""58094549700"", ""authname"": ""Lefebvre H."", ""surname"": ""Lefebvre"", ""given_name"": ""Henri"", ""initials"": ""H."", ""afid"": [{""@_fa"": ""true"", ""$"": ""60028218""}]}]","[{""afid"": ""60028218"", ""affilname"": ""Alma Mater Studiorum Universit\u00e0 di Bologna"", ""affiliation_city"": ""Bologna"", ""affiliation_country"": ""Italy""}, {""afid"": ""60106842"", ""affilname"": ""Institut de Math\u00e9matiques de Bordeaux"", ""affiliation_city"": ""Talence"", ""affiliation_country"": ""France""}]",Journal,ar,Article,2,False,0.4968437600035045
SCOPUS_ID:85186114012,2-s2.0-85186114012,Adjustable Robust Optimization with Discrete Uncertainty,Lefebvre H.,Informs Journal on Computing,10919856,15265528,36,1,78-96,2024-01-01,January 2024,10.1287/ijoc.2022.0086,3,"In this paper, we study adjustable robust optimization (ARO) problems with discrete uncertainty. Under a very general modeling framework, we show that such twostage robust problems can be exactly reformulated as ARO problems with objective uncertainty only. This reformulation is valid with and without the fixed recourse assumption and is not limited to continuous wait-and-see decision variables unlike most of the existing literature. Additionally, we extend an enumerative algorithm akin to a branch-and-cut scheme for which we study the asymptotic convergence. We discuss how to apply the reformulation on two variants of well-known optimization problems, a facility location problem in which uncertainty may affect the capacity values and a multiple knapsack problem with uncertain weights, and we report extensive computational results demonstrating the effectiveness of the approach.",branch and cut | computational experiments | discrete uncertainty | reformulation | two-stage robust optimization,3,"[{""authid"": ""58094549700"", ""authname"": ""Lefebvre H."", ""surname"": ""Lefebvre"", ""given_name"": ""Henri"", ""initials"": ""H."", ""afid"": [{""@_fa"": ""true"", ""$"": ""60011891""}]}, {""authid"": ""23978438000"", ""authname"": ""Malaguti E."", ""surname"": ""Malaguti"", ""given_name"": ""Enrico"", ""initials"": ""E."", ""afid"": [{""@_fa"": ""true"", ""$"": ""60028218""}]}, {""authid"": ""6602519730"", ""authname"": ""Monaci M."", ""surname"": ""Monaci"", ""given_name"": ""Michele"", ""initials"": ""M."", ""afid"": [{""@_fa"": ""true"", ""$"": ""60028218""}]}]","[{""afid"": ""60028218"", ""affilname"": ""Alma Mater Studiorum Universit\u00e0 di Bologna"", ""affiliation_city"": ""Bologna"", ""affiliation_country"": ""Italy""}, {""afid"": ""60011891"", ""affilname"": ""Universit\u00e4t Trier"", ""affiliation_city"": ""Trier"", ""affiliation_country"": ""Germany""}]",Journal,ar,Article,2,False,0.45179172669278506
SCOPUS_ID:85175053429,2-s2.0-85175053429,Fast Continuous and Integer L-Shaped Heuristics Through Supervised Learning,Larsen E.,Informs Journal on Computing,10919856,15265528,36,1,203-223,2024-01-01,January 2024,10.1287/ijoc.2022.0175,7,"We propose a methodology at the nexus of operations research and machine learning (ML) leveraging generic approximators available from ML to accelerate the solution of mixed-integer linear two-stage stochastic programs. We aim at solving problems where the second stage is demanding. Our core idea is to gain large reductions in online solution time, while incurring small reductions in first-stage solution accuracy by substituting the exact second-stage solutions with fast, yet accurate, supervised ML predictions. This upfront investment in ML would be justified when similar problems are solved repeatedly over time-for example, in transport planning related to fleet management, routing, and container yard management. Our numerical results focus on the problem class seminally addressed with the integer and continuous L-shaped cuts. Our extensive empirical analysis is grounded in standardized families of problems derived from stochastic server location (SSLP) and stochastic multi-knapsack (SMKP) problems available in the literature. The proposed method can solve the hardest instances of SSLP in less than 9% of the time it takes the state-of-the-art exact method, and in the case of SMKP, the same figure is 20%. Average optimality gaps are, in most cases, less than 0.1%.",integer L-shaped | integer linear programming | machine learning | stochastic programming | supervised learning,4,"[{""authid"": ""57200034029"", ""authname"": ""Larsen E."", ""surname"": ""Larsen"", ""given_name"": ""Eric"", ""initials"": ""E."", ""afid"": [{""@_fa"": ""true"", ""$"": ""60009507""}, {""@_fa"": ""true"", ""$"": ""60113917""}]}, {""authid"": ""15123673200"", ""authname"": ""Frejinger E."", ""surname"": ""Frejinger"", ""given_name"": ""Emma"", ""initials"": ""E."", ""afid"": [{""@_fa"": ""true"", ""$"": ""60009507""}, {""@_fa"": ""true"", ""$"": ""60113917""}]}, {""authid"": ""6603808797"", ""authname"": ""Gendron B."", ""surname"": ""Gendron"", ""given_name"": ""Bernard"", ""initials"": ""B."", ""afid"": [{""@_fa"": ""true"", ""$"": ""60009507""}, {""@_fa"": ""true"", ""$"": ""60113917""}]}, {""authid"": ""7004984600"", ""authname"": ""Lodi A."", ""surname"": ""Lodi"", ""given_name"": ""Andrea"", ""initials"": ""A."", ""afid"": [{""@_fa"": ""true"", ""$"": ""60019141""}, {""@_fa"": ""true"", ""$"": ""60144773""}]}]","[{""afid"": ""60009507"", ""affilname"": ""University of Montreal"", ""affiliation_city"": ""Montreal"", ""affiliation_country"": ""Canada""}, {""afid"": ""60019141"", ""affilname"": ""Polytechnique Montr\u00e9al"", ""affiliation_city"": ""Montreal"", ""affiliation_country"": ""Canada""}, {""afid"": ""60113917"", ""affilname"": ""Centre Interuniversitaire de Recherche sur les R\u00e9seaux d\u2018Entreprise, la Logistique et le Transport"", ""affiliation_city"": ""Montreal"", ""affiliation_country"": ""Canada""}, {""afid"": ""60144773"", ""affilname"": ""Jacobs Technion-Cornell Institute"", ""affiliation_city"": ""New York"", ""affiliation_country"": ""United States""}]",Journal,ar,Article,0,False,0.4528357593662926
SCOPUS_ID:85105416613,2-s2.0-85105416613,A stochastic programming approach for the disassembly line balancing with hazardous task failures,Goksoy Kalaycilar E.,International Journal of Production Research,00207543,1366588X,60,10,3237-3262,2022-01-01,2022,10.1080/00207543.2021.1916119,17,"We consider a partial disassembly line balancing problem with hazardous tasks whose successful completions are uncertain. When any hazardous task fails, it causes damages of the tasks on the workstation that it is performed on and all remaining tasks to be performed in the succeeding workstations. We attribute probabilities for the successful completion and failure of the hazardous tasks and aim to maximise the total expected net revenue. We formulate the problem as a two-stage stochastic mixed-integer programme where the assignment of the tasks to the workstations is decided in the first-stage, before the resolution of the uncertainty. We give the formulation for one, two and three hazardous tasks, and then extend to the arbitrary number of hazardous tasks. Our numerical results reveal that proposed stochastic programming models return satisfactory performance and can solve instances with up to 73 tasks very quickly. We observe that the number of tasks, number of hazardous tasks and success probabilities are the most significant parameters that affect the performance. We quantify the value of capturing uncertainty using the expected objective values attained by the solution of the stochastic model and that of the expected value model, and obtain very satisfactory results.",Disassembly lines | hazardous tasks | line balancing problem‌ | stochastic programming | ‌mathematical models,3,"[{""authid"": ""57223258463"", ""authname"": ""Goksoy Kalaycilar E."", ""surname"": ""Goksoy Kalaycilar"", ""given_name"": ""Eda"", ""initials"": ""E."", ""afid"": [{""@_fa"": ""true"", ""$"": ""60004305""}]}, {""authid"": ""26031222300"", ""authname"": ""Batun S."", ""surname"": ""Batun"", ""given_name"": ""Sakine"", ""initials"": ""S."", ""afid"": [{""@_fa"": ""true"", ""$"": ""60004305""}]}, {""authid"": ""7005373361"", ""authname"": ""Azizo\u011flu M."", ""surname"": ""Azizo\u011flu"", ""given_name"": ""Meral"", ""initials"": ""M."", ""afid"": [{""@_fa"": ""true"", ""$"": ""60004305""}]}]","[{""afid"": ""60004305"", ""affilname"": ""Middle East Technical University (METU)"", ""affiliation_city"": ""Ankara"", ""affiliation_country"": ""Turkey""}]",Journal,ar,Article,0,False,0.5149584270513682
SCOPUS_ID:85189082267,2-s2.0-85189082267,"Vehicle routing with stochastic demand, service and waiting times — The case of food bank collection problems",Reusken M.,European Journal of Operational Research,03772217,,317,1,111-127,2024-08-16,16 August 2024,10.1016/j.ejor.2024.03.031,7,"Food banks play an important role both in combating food waste, and in alleviating hunger. However, due to the many uncertainties that food banks face, they often struggle to effectively collect all food items that donors such as supermarkets are willing to provide. To tackle this problem, we introduce the capacitated vehicle routing problem with travel time restrictions and stochastic demand, service and waiting times, in which the uncertainties are dependent of each other. This problem can be generalized to a large variety of routing applications. The goal of the problem is to determine a minimum number of vehicles, and to plan cost-effective routes for these vehicles so that each route violates the vehicle capacity and the travel time limit with only a very small probability. The resulting problem is highly complex and thus solved by means of a matheuristic, which decomposes the problem into its natural decision components. Thus, it first determines the number of districts into which the service area should be partitioned, before allocating each customer to exactly one district and then plans a route for each district. A set of feedback mechanisms is activated whenever no feasible solution has been found through these steps. Extensive numerical experiments, involving both randomly generated and real-life instances, demonstrate the matheuristic's effectiveness in solving instances with up to 100 customers. When applying our matheuristic to real-life instances from Dutch and Canadian food banks, we furthermore gain managerial insights to assist in optimizing fleet size and route cost.",Distribution | Food bank supply chain | Matheuristic | Probabilistic generalized assignment problem | Stochastic vehicle routing,4,"[{""authid"": ""58029905400"", ""authname"": ""Reusken M."", ""surname"": ""Reusken"", ""given_name"": ""Meike"", ""initials"": ""M."", ""afid"": [{""@_fa"": ""true"", ""$"": ""60017145""}]}, {""authid"": ""7101734278"", ""authname"": ""Laporte G."", ""surname"": ""Laporte"", ""given_name"": ""Gilbert"", ""initials"": ""G."", ""afid"": [{""@_fa"": ""true"", ""$"": ""60002970""}, {""@_fa"": ""true"", ""$"": ""60116562""}]}, {""authid"": ""57189095042"", ""authname"": ""Rohmer S.U.K."", ""surname"": ""Rohmer"", ""given_name"": ""Sonja U.K."", ""initials"": ""S.U.K."", ""afid"": [{""@_fa"": ""true"", ""$"": ""60002970""}]}, {""authid"": ""16315532900"", ""authname"": ""Cruijssen F."", ""surname"": ""Cruijssen"", ""given_name"": ""Frans"", ""initials"": ""F."", ""afid"": [{""@_fa"": ""true"", ""$"": ""60017145""}]}]","[{""afid"": ""60017145"", ""affilname"": ""Tilburg University"", ""affiliation_city"": ""Tilburg"", ""affiliation_country"": ""Netherlands""}, {""afid"": ""60002970"", ""affilname"": ""HEC Montr\u00e9al"", ""affiliation_city"": ""Montreal"", ""affiliation_country"": ""Canada""}, {""afid"": ""60116562"", ""affilname"": ""University of Bath, School of Management"", ""affiliation_city"": ""Bath"", ""affiliation_country"": ""United Kingdom""}]",Journal,ar,Article,1,True,0.49217662260383394
SCOPUS_ID:85194412907,2-s2.0-85194412907,A disaggregated integer L-shaped method for stochastic vehicle routing problems with monotonic recourse,Parada L.,European Journal of Operational Research,03772217,,318,2,520-533,2024-10-16,16 October 2024,10.1016/j.ejor.2024.05.012,8,"This paper proposes a new integer L-shaped method for solving two-stage stochastic integer programs whose first-stage solutions can decompose into disjoint components, each one having a monotonic recourse function. In a minimization problem, the monotonicity property stipulates that the recourse cost of a component must always be higher or equal to that of any of its subcomponents. The method exploits new types of optimality cuts and lower bounding functionals that are valid under this property. The stochastic vehicle routing problem is particularly well suited to be solved by this approach, as its solutions can be decomposed into a set of routes. We consider the variant with stochastic demands in which the recourse policy consists of performing a return trip to the depot whenever a vehicle does not have sufficient capacity to accommodate a newly realized customer demand. This work shows that this policy can lead to a non-monotonic recourse function, but that the monotonicity holds when the customer demands are modeled by several commonly used families of probability distributions. We also present new problem-specific lower bounds on the recourse that strengthen the lower bounding functionals and significantly speed up the solving process. Computational experiments on instances from the literature show that the new approach achieves state-of-the-art results.",Integer L-shaped method | Monotonic recourse | Stochastic programming | Vehicle routing problem,4,"[{""authid"": ""55822694500"", ""authname"": ""Parada L."", ""surname"": ""Parada"", ""given_name"": ""Lucas"", ""initials"": ""L."", ""afid"": [{""@_fa"": ""true"", ""$"": ""60019141""}]}, {""authid"": ""57222211887"", ""authname"": ""Legault R."", ""surname"": ""Legault"", ""given_name"": ""Robin"", ""initials"": ""R."", ""afid"": [{""@_fa"": ""true"", ""$"": ""106142565""}, {""@_fa"": ""true"", ""$"": ""60022195""}]}, {""authid"": ""7101908958"", ""authname"": ""C\u00f4t\u00e9 J.F."", ""surname"": ""C\u00f4t\u00e9"", ""given_name"": ""Jean Fran\u00e7ois"", ""initials"": ""J.F."", ""afid"": [{""@_fa"": ""true"", ""$"": ""60032619""}]}, {""authid"": ""7005646783"", ""authname"": ""Gendreau M."", ""surname"": ""Gendreau"", ""given_name"": ""Michel"", ""initials"": ""M."", ""afid"": [{""@_fa"": ""true"", ""$"": ""60019141""}]}]","[{""afid"": ""60022195"", ""affilname"": ""Massachusetts Institute of Technology"", ""affiliation_city"": ""Cambridge"", ""affiliation_country"": ""United States""}, {""afid"": ""60032619"", ""affilname"": ""Universit\u00e9 Laval"", ""affiliation_city"": ""Quebec"", ""affiliation_country"": ""Canada""}, {""afid"": ""60019141"", ""affilname"": ""Polytechnique Montr\u00e9al"", ""affiliation_city"": ""Montreal"", ""affiliation_country"": ""Canada""}, {""afid"": ""106142565"", ""affilname"": ""Clinical Research Center"", ""affiliation_city"": ""Cambridge"", ""affiliation_country"": ""United States""}]",Journal,ar,Article,1,True,0.4568412288504942
SCOPUS_ID:105013292808,2-s2.0-105013292808,Data-Driven Reliable Facility Location Design,Shen H.,Management Science,00251909,15265501,71,8,7182-7199,2025-08-01,August 2025,10.1287/mnsc.2021.02115,1,"We study the reliable (uncapacitated) facility location (RFL) problem in a data-driven environment where historical observations of random demands and disruptions are available. Owing to the combinatorial optimization nature of the RFL problem and the mixed-binary randomness of parameters therein, the state-of-the-art RFL models applied to the data-driven setting either suggest overly conservative solutions or become computationally prohibitive for large- or even moderate-size problems. In this paper, we address the RFL problem by presenting an innovative prescriptive model aiming to balance solution conservatism with computational efficiency. In particular, our model selects facility locations to minimize the fixed costs plus the expected operating costs approximated by a tractable data-driven estimator, which equals to a probabilistic upper bound on the intractable Kolmogorov distributionally robust optimization estimator. The solution of our model is obtained by solving a mixed-integer linear program that does not scale in the training data size. Our approach is proved to be asymptotically optimal, and offers a theoretical guarantee for its out-of-sample performance in situations with limited data. In addition, we discuss the adaptation of our approach when facing data with covariate information. Numerical results demonstrate that our model significantly outperforms several important RFL models with respect to both in-sample and out-of-sample performances as well as computational efficiency.",data-driven optimization | facility location | prescriptive analytics | supply chain disruption,3,"[{""authid"": ""57204198554"", ""authname"": ""Shen H."", ""surname"": ""Shen"", ""given_name"": ""Hao"", ""initials"": ""H."", ""afid"": [{""@_fa"": ""true"", ""$"": ""60125448""}]}, {""authid"": ""57184943400"", ""authname"": ""Xue M."", ""surname"": ""Xue"", ""given_name"": ""Mengying"", ""initials"": ""M."", ""afid"": [{""@_fa"": ""true"", ""$"": ""60116864""}]}, {""authid"": ""8947426700"", ""authname"": ""Shen Z.J.M."", ""surname"": ""Shen"", ""given_name"": ""Zuo Jun Max"", ""initials"": ""Z.J.M."", ""afid"": [{""@_fa"": ""true"", ""$"": ""60183197""}]}]","[{""afid"": ""60116864"", ""affilname"": ""School of Management Fudan University"", ""affiliation_city"": ""Shanghai"", ""affiliation_country"": ""China""}, {""afid"": ""60125448"", ""affilname"": ""Renmin Business School"", ""affiliation_city"": ""Beijing"", ""affiliation_country"": ""China""}, {""afid"": ""60183197"", ""affilname"": ""HKU Business School"", ""affiliation_city"": ""Hong Kong"", ""affiliation_country"": ""Hong Kong""}]",Journal,ar,Article,0,False,0.4481689942231468
SCOPUS_ID:105013378626,2-s2.0-105013378626,Robust multi-manned mixed-model assembly line balancing with dynamic task assignment considering product mix uncertainty,Hashemi Petroodi S.E.,International Journal of Production Economics,09255273,,,,,2025-01-01,2025,10.1016/j.ijpe.2025.109756,1,"The manufacturing industry is facing rapid changes in customer preferences, short product life cycles, and demand fluctuations. As a result, manufacturers tend to adopt mixed-model assembly lines that produce multiple types of products, and they need these lines to be as flexible as possible to handle market changes and different product model sequences. Dynamic task assignments and walking workers enhance the flexibility of a mixed-model assembly line because the assignment of tasks and workers to stations can change in each takt depending on the product unit entering the line. In this study, we consider the design of a mixed-model assembly line with walking workers and dynamic task assignments. The objective is to minimize the sum of worker and equipment costs. We study the robust optimization problem where the line must meet the takt time for any mix of products entering the line. We formulate the problem as a scenario-based Mixed Integer Linear Programming (MILP). However, the number of scenarios grows exponentially with the length of the product sequence, and the MILP does not scale well. To circumvent this issue, we employ an adversarial approach that iteratively looks for a worse input product mix. The sub-problem that finds the worst sequence of products is NP-hard. Therefore, we rely on a local search approach to generate sequences. Computational experiments show that the proposed dynamic assignment reduces costs by 4.6% to 14% compared to the fixed and model-dependent assignments. The approach efficiently reassigns 20% to 30% of tasks, improving equipment use, especially in industries with an ample cycle time. The proposed robust approach outperforms the scenario-based MILP in terms of computational time and solution quality, especially for large-size instances.",Adversarial approach | Assembly line design and balancing | Dynamic task assignment | Robust optimization | Uncertain product mix | Walking worker,4,"[{""authid"": ""57200340383"", ""authname"": ""Hashemi Petroodi S.E."", ""surname"": ""Hashemi Petroodi"", ""given_name"": ""S. Ehsan"", ""initials"": ""S.E."", ""afid"": [{""@_fa"": ""true"", ""$"": ""60107797""}]}, {""authid"": ""55858766800"", ""authname"": ""Thevenin S."", ""surname"": ""Thevenin"", ""given_name"": ""Simon"", ""initials"": ""S."", ""afid"": [{""@_fa"": ""true"", ""$"": ""60110511""}]}, {""authid"": ""54966463400"", ""authname"": ""Kovalev S."", ""surname"": ""Kovalev"", ""given_name"": ""Sergey"", ""initials"": ""S."", ""afid"": [{""@_fa"": ""true"", ""$"": ""60031810""}]}, {""authid"": ""57201190890"", ""authname"": ""Dolgui A."", ""surname"": ""Dolgui"", ""given_name"": ""Alexandre"", ""initials"": ""A."", ""afid"": [{""@_fa"": ""true"", ""$"": ""60110511""}]}]","[{""afid"": ""60031810"", ""affilname"": ""Universit\u00e9 Bourgogne Europe"", ""affiliation_city"": ""Dijon"", ""affiliation_country"": ""France""}, {""afid"": ""60110511"", ""affilname"": ""Laboratoire des Sciences du Num\u00e9rique de Nantes"", ""affiliation_city"": ""Nantes"", ""affiliation_country"": ""France""}, {""afid"": ""60107797"", ""affilname"": ""KEDGE Business School"", ""affiliation_city"": ""Talence"", ""affiliation_country"": ""France""}]",Journal,ar,Article,0,False,0.4439909944377491
SCOPUS_ID:85115131385,2-s2.0-85115131385,Dynamic multi-type patient advance scheduling for a diagnostic facility considering heterogeneous waiting time targets and equity,Zhou L.,Iise Transactions,24725854,24725862,54,6,521-536,2022-01-01,2022,10.1080/24725854.2021.1957521,3,"This article studies a dynamic advance scheduling problem where multi-type patients arrive randomly to book the future service of a diagnostic facility in a public healthcare setting. The demand for the diagnostic facility generally arises from multiple sources such as emergency patients, inpatients, and outpatients. It is challenging for public hospital managers to dynamically allocate their limited capacities to serve the incoming multi-type patients not only to achieve their heterogeneous waiting time targets in a cost-effective manner but also to maintain equity among multi-type patients. To address this problem, a finite-horizon Markov Decision Process (MDP) model is proposed to minimize the total expected costs under the constraints of maintaining equity. Because of the complex structure of the feasible region and the high-dimensional state space, the property characterization of optimal scheduling policy and the exact solution of the MDP are intractable. To solve the MDP model with high-dimensional state and action spaces, we reformulate the MDP as a multi-stage stochastic programming model and propose a modified Benders decomposition algorithm based on new dual integer cuts to solve the model. Based on real data from our collaborating hospital, we perform extensive numerical experiments to demonstrate that our proposed approach yields good performance.",Benders decomposition | Markov decision process | multi-stage stochastic programming | Patient advance scheduling | waiting time target and equity,4,"[{""authid"": ""57188644963"", ""authname"": ""Zhou L."", ""surname"": ""Zhou"", ""given_name"": ""Liping"", ""initials"": ""L."", ""afid"": [{""@_fa"": ""true"", ""$"": ""60025084""}]}, {""authid"": ""15762469600"", ""authname"": ""Geng N."", ""surname"": ""Geng"", ""given_name"": ""Na"", ""initials"": ""N."", ""afid"": [{""@_fa"": ""true"", ""$"": ""60025084""}]}, {""authid"": ""55628575343"", ""authname"": ""Jiang Z."", ""surname"": ""Jiang"", ""given_name"": ""Zhibin"", ""initials"": ""Z."", ""afid"": [{""@_fa"": ""true"", ""$"": ""60025084""}, {""@_fa"": ""true"", ""$"": ""60123369""}]}, {""authid"": ""57188647097"", ""authname"": ""Wang X."", ""surname"": ""Wang"", ""given_name"": ""Xiuxian"", ""initials"": ""X."", ""afid"": [{""@_fa"": ""true"", ""$"": ""60025084""}]}]","[{""afid"": ""60025084"", ""affilname"": ""Shanghai Jiao Tong University"", ""affiliation_city"": ""Shanghai"", ""affiliation_country"": ""China""}, {""afid"": ""60123369"", ""affilname"": ""Antai College of Economics and Management"", ""affiliation_city"": ""Shanghai"", ""affiliation_country"": ""China""}]",Journal,ar,Article,0,False,0.4620180834924688
SCOPUS_ID:85087662442,2-s2.0-85087662442,Robust formulations for economic lot-sizing problem with remanufacturing,Attila Ö.N.,European Journal of Operational Research,03772217,,288,2,496-510,2021-01-16,16 January 2021,10.1016/j.ejor.2020.06.016,20,"In this paper, we consider a lot-sizing problem with the remanufacturing option under parameter uncertainties imposed on demands and returns. Remanufacturing has recently been a fast growing area of interest for many researchers due to increasing awareness on reducing waste in production environments, and in particular studies involving remanufacturing and parameter uncertainties simultaneously are very scarce in the literature. We first present a min-max decomposition approach for this problem, where decision maker's problem and adversarial problem are treated iteratively. Then, we propose two novel extended reformulations for the decision maker's problem, addressing some of the computational challenges. An original aspect of the reformulations is that they are applied only to the latest scenario added to the decision maker's problem. Then, we present an extensive computational analysis, which provides a detailed comparison of the three formulations and evaluates the impact of key problem parameters. We conclude that the proposed extended reformulations outperform the standard formulation for a majority of the instances. We also provide insights on the impact of the problem parameters on the computational performance.",Decomposition | Extended reformulations | Integer programming | Lot-sizing | Robust optimization,4,"[{""authid"": ""57195324327"", ""authname"": ""Attila \u00d6.N."", ""surname"": ""Attila"", ""given_name"": ""\u00d6yk\u00fc Naz"", ""initials"": ""\u00d6.N."", ""afid"": [{""@_fa"": ""true"", ""$"": ""60024724""}]}, {""authid"": ""13103274800"", ""authname"": ""Agra A."", ""surname"": ""Agra"", ""given_name"": ""Agostinho"", ""initials"": ""A."", ""afid"": [{""@_fa"": ""true"", ""$"": ""60116730""}]}, {""authid"": ""23099265400"", ""authname"": ""Akartunal\u0131 K."", ""surname"": ""Akartunal\u0131"", ""given_name"": ""Kerem"", ""initials"": ""K."", ""afid"": [{""@_fa"": ""true"", ""$"": ""60024724""}]}, {""authid"": ""22940418500"", ""authname"": ""Arulselvan A."", ""surname"": ""Arulselvan"", ""given_name"": ""Ashwin"", ""initials"": ""A."", ""afid"": [{""@_fa"": ""true"", ""$"": ""60024724""}]}]","[{""afid"": ""60024724"", ""affilname"": ""University of Strathclyde"", ""affiliation_city"": ""Glasgow"", ""affiliation_country"": ""United Kingdom""}, {""afid"": ""60116730"", ""affilname"": ""Centro de Investiga\u00e7\u00e3o e Desenvolvimento em Matem\u00e1tica e Aplica\u00e7\u00f5es"", ""affiliation_city"": ""Aveiro"", ""affiliation_country"": ""Portugal""}]",Journal,ar,Article,1,True,0.46925481198503705
SCOPUS_ID:85101723496,2-s2.0-85101723496,Stochastic joint homecare service and capacity planning with nested decomposition approaches,Zheng C.,European Journal of Operational Research,03772217,,295,1,203-222,2021-11-16,16 November 2021,10.1016/j.ejor.2021.02.021,16,"In this paper, we study a joint service authorization and capacity planning problem for the home health care (HHC) system with demand uncertainty. We formulate the problem as a two-stage stochastic programming with recourse which maximizes the expected total revenue. The service authorization and capacity planning are the mixed binary-and-continuous first stage decisions, and the service hour (resource) allocation is modeled as the second-stage decision which adapts to the demand realizations. The resulting sample average approximation problem (of the stochastic program) could be a large scaled mixed integer linear program. To solve the model in a more scalable fashion, we propose a supergradient-based nested decomposition algorithm that exploits the nice decomposable structure of the problem to cope with the binary and continuous variables separately. The proposed nested decomposition scheme consists of two-layer of decomposition, where the outer decomposition solves for the authorization decision (binaries) with the supergradient cuts and each supergradient can be computed iteratively in the inner decomposition scheme. The proposed nested decomposition algorithm is feasibility-cut-free and is guaranteed to reach the exact optimality in finite steps. Furthermore, we extend our stochastic HHC planning model to a more general framework of Conditional Value-at-Risk (CV@R), and by model transformation with variable change we show that the CV@R model can actually be reformulated in a structure that the proposed nested decomposition scheme can be applied almost directly. Finally, a comprehensive computational study is performed which demonstrates the effectiveness of our model and the performance of the algorithm.",Decomposition algorithm | Joint service authorization and capacity planning | Linear programming,4,"[{""authid"": ""57222156632"", ""authname"": ""Zheng C."", ""surname"": ""Zheng"", ""given_name"": ""Chenyang"", ""initials"": ""C."", ""afid"": [{""@_fa"": ""true"", ""$"": ""60027363""}]}, {""authid"": ""56364907500"", ""authname"": ""Wang S."", ""surname"": ""Wang"", ""given_name"": ""Shuming"", ""initials"": ""S."", ""afid"": [{""@_fa"": ""true"", ""$"": ""60027363""}, {""@_fa"": ""true"", ""$"": ""60019499""}]}, {""authid"": ""57222157510"", ""authname"": ""Li N."", ""surname"": ""Li"", ""given_name"": ""Ningxin"", ""initials"": ""N."", ""afid"": [{""@_fa"": ""true"", ""$"": ""60031321""}]}, {""authid"": ""57222154597"", ""authname"": ""Wu Y."", ""surname"": ""Wu"", ""given_name"": ""Yuanhao"", ""initials"": ""Y."", ""afid"": [{""@_fa"": ""true"", ""$"": ""60023237""}]}]","[{""afid"": ""60019499"", ""affilname"": ""Chinese Academy of Sciences"", ""affiliation_city"": ""Beijing"", ""affiliation_country"": ""China""}, {""afid"": ""60027363"", ""affilname"": ""University of Chinese Academy of Sciences"", ""affiliation_city"": ""Beijing"", ""affiliation_country"": ""China""}, {""afid"": ""60023237"", ""affilname"": ""Beijing Normal University"", ""affiliation_city"": ""Beijing"", ""affiliation_country"": ""China""}, {""afid"": ""60031321"", ""affilname"": ""The Fu Foundation School of Engineering and Applied Science"", ""affiliation_city"": ""New York"", ""affiliation_country"": ""United States""}]",Journal,ar,Article,0,False,0.4806066938936548
SCOPUS_ID:85205473175,2-s2.0-85205473175,Adaptive Two-Stage Stochastic Programming with an Analysis on Capacity Expansion Planning Problem,Basciftci B.,Manufacturing and Service Operations Management,15234614,15265498,26,6,2121-2141,2024-11-01,November 2024,10.1287/msom.2023.0157,7,"Problem definition: Multistage stochastic programming is a well-established framework for sequential decision making under uncertainty by seeking policies that can be dynamically adjusted as uncertainty is realized. Often, for example, because of contractual constraints, such flexible policies are not desirable, and the decision maker may need to commit to a set of actions for a certain number of periods. Two-stage stochastic programming might be better suited to such settings, where first-stage decisions do not adapt to the uncertainty realized. In this paper, we propose a novel alternative approach, named as adaptive two-stage stochastic programming, where each component of the decision policy requiring limited flexibility has its own revision point, a period prior to which the decisions are determined at the beginning of the planning until this revision point, and after which they are revised for adjusting to the uncertainty realized thus far until the end of the planning. We then analyze this approach over the capacity expansion planning problem, that may require limited flexibility over expansion decisions. Methodology/results: We provide a generic mixed-integer programming formulation for the adaptive two-stage stochastic programming problem with finite support, in particular, for scenario trees, and show that this problem is NP-hard in general. Next, we focus on the capacity expansion planning problem and derive bounds on the value of adaptive two-stage programming in comparison with the two-stage and multistage approaches in terms of revision points. We propose several heuristic solution algorithms based on this bound analysis. These algorithms either provide approximation guarantees or computational advantages in solving the resulting adaptive two-stage stochastic problem. Managerial implications: We provide insights on the choice of the revision times based on our analytical analysis. We further present an extensive computational study on a generation capacity expansion planning problem with different generation resources including renewable energy. We demonstrate the value of adopting adaptive two-stage approach against the existing policies under limited flexibility and highlight the efficiency of the proposed heuristics along with practical implications on the studied problem.",approximation algorithm | capacity expansion planning | energy | mixed-integer programming | stochastic programming,3,"[{""authid"": ""57201681755"", ""authname"": ""Basciftci B."", ""surname"": ""Basciftci"", ""given_name"": ""Beste"", ""initials"": ""B."", ""afid"": [{""@_fa"": ""true"", ""$"": ""60090931""}]}, {""authid"": ""55456817400"", ""authname"": ""Ahmed S."", ""surname"": ""Ahmed"", ""given_name"": ""Shabbir"", ""initials"": ""S."", ""afid"": [{""@_fa"": ""true"", ""$"": ""60136858""}]}, {""authid"": ""6507259235"", ""authname"": ""Gebraeel N."", ""surname"": ""Gebraeel"", ""given_name"": ""Nagi"", ""initials"": ""N."", ""afid"": [{""@_fa"": ""true"", ""$"": ""60136858""}]}]","[{""afid"": ""60136858"", ""affilname"": ""College of Engineering"", ""affiliation_city"": ""Atlanta"", ""affiliation_country"": ""United States""}, {""afid"": ""60090931"", ""affilname"": ""Henry B. Tippie College of Business"", ""affiliation_city"": ""Iowa City"", ""affiliation_country"": ""United States""}]",Journal,ar,Article,0,False,0.4473171436030927
SCOPUS_ID:85217915309,2-s2.0-85217915309,Model-based algorithms for the 0-1 Time-Bomb Knapsack Problem,Montemanni R.,Computers and Operations Research,03050548,,178,,,2025-06-01,June 2025,10.1016/j.cor.2025.107010,1,"A stochastic version of the 0–1 Knapsack Problem recently introduced in the literature and named the 0–1 Time-Bomb Knapsack Problem is the topic of the present work. In this problem, in addition to profit and weight, each item is characterized by a probability of exploding, and therefore destroying all the contents of the knapsack, in case it is loaded. The optimization aims at maximizing the expected profit of the selected items, which takes into account also the probabilities of explosion, while fulfilling the capacity constraint. The problem has real-world applications in logistics and cloud computing. In this work, two model-based algorithms are introduced. They are based on partial linearizations of a non-linear model describing the problem. Extensive computational results on the instances available in the literature are presented to position the new methods as the best-performing ones, while comparing against those previously proposed.",0-1 Knapsack | Mixed integer linear programming | Model-based algorithms | Time-bomb,2,"[{""authid"": ""6602716307"", ""authname"": ""Montemanni R."", ""surname"": ""Montemanni"", ""given_name"": ""Roberto"", ""initials"": ""R."", ""afid"": [{""@_fa"": ""true"", ""$"": ""60004591""}]}, {""authid"": ""56044313600"", ""authname"": ""Smith D.H."", ""surname"": ""Smith"", ""given_name"": ""Derek H."", ""initials"": ""D.H."", ""afid"": [{""@_fa"": ""true"", ""$"": ""60017826""}]}]","[{""afid"": ""60004591"", ""affilname"": ""Universit\u00e0 degli Studi di Modena e Reggio Emilia"", ""affiliation_city"": ""Modena"", ""affiliation_country"": ""Italy""}, {""afid"": ""60017826"", ""affilname"": ""University of South Wales"", ""affiliation_city"": ""Pontypridd"", ""affiliation_country"": ""United Kingdom""}]",Journal,ar,Article,1,True,0.47711108432536
SCOPUS_ID:85138529153,2-s2.0-85138529153,Distributionally robust resource planning under binomial demand intakes,Black B.,European Journal of Operational Research,03772217,,306,1,227-242,2023-04-01,1 April 2023,10.1016/j.ejor.2022.08.019,3,"In this paper, we consider a distributionally robust resource planning model inspired by a real-world service industry problem. In this problem, there is a mixture of known demand and uncertain future demand. Prior to having full knowledge of the demand, we must decide upon how many jobs we plan to complete on each day in the planning horizon. Any jobs that are not completed by the end of their due date incur a cost and become due the following day. We present two distributionally robust optimisation (DRO) models for this problem. The first is a non-parametric model with a phi-divergence based ambiguity set. The second is a parametric model, where we treat the number of uncertain jobs due on each day as a binomial random variable with an unknown success probability. We reformulate the parametric model as a mixed integer program and find that it scales poorly with the sizes of the ambiguity and uncertainty sets. Hence, we make use of theoretical properties of the binomial distribution to derive fast heuristics based on dimension reduction. One is based on cutting surface algorithms commonly seen in the DRO literature. The other operates on a small subset of the uncertainty set for the future demand. We perform extensive computational experiments to establish the performance of our algorithms. We compare decisions from the parametric and non-parametric models, to assess the benefit of including the binomial information.",Distributionally robust optimisation | Heuristics | Resource planning | Uncertainty modelling,4,"[{""authid"": ""57222232251"", ""authname"": ""Black B."", ""surname"": ""Black"", ""given_name"": ""Ben"", ""initials"": ""B."", ""afid"": [{""@_fa"": ""true"", ""$"": ""60023643""}]}, {""authid"": ""57192667957"", ""authname"": ""Ainslie R."", ""surname"": ""Ainslie"", ""given_name"": ""Russell"", ""initials"": ""R."", ""afid"": [{""@_fa"": ""true"", ""$"": ""60014174""}]}, {""authid"": ""55065276800"", ""authname"": ""Dokka T."", ""surname"": ""Dokka"", ""given_name"": ""Trivikram"", ""initials"": ""T."", ""afid"": [{""@_fa"": ""true"", ""$"": ""60177646""}]}, {""authid"": ""7003643044"", ""authname"": ""Kirkbride C."", ""surname"": ""Kirkbride"", ""given_name"": ""Christopher"", ""initials"": ""C."", ""afid"": [{""@_fa"": ""true"", ""$"": ""60117787""}]}]","[{""afid"": ""60023643"", ""affilname"": ""Lancaster University"", ""affiliation_city"": ""Lancaster"", ""affiliation_country"": ""United Kingdom""}, {""afid"": ""60014174"", ""affilname"": ""British Telecom Research Lab"", ""affiliation_city"": ""Ipswich"", ""affiliation_country"": ""United Kingdom""}, {""afid"": ""60117787"", ""affilname"": ""Department of Management Science, Lancaster University Management School"", ""affiliation_city"": ""Lancaster"", ""affiliation_country"": ""United Kingdom""}, {""afid"": ""60177646"", ""affilname"": ""Queen's Management School"", ""affiliation_city"": ""Belfast"", ""affiliation_country"": ""United Kingdom""}]",Journal,ar,Article,1,True,0.46662826592677903
SCOPUS_ID:85114702766,2-s2.0-85114702766,Multicomponent maintenance optimization: A stochastic programming approach,Zhu Z.,Informs Journal on Computing,10919856,15265528,33,3,898-914,2021-06-01,June 2021,10.1287/ijoc.2020.0997,19,"Maintenance optimization has been extensively studied in the past decades. However, most of the existing maintenance models focus on single-component systems and are not applicable to complex systems consisting of multiple components, due to various interactions among the components. The multicomponent maintenance optimization problem, which joins the stochastic processes regarding the failures of components with the combinatorial problems regarding the grouping of maintenance activities, is challenging in both modeling and solution techniques, and has remained an open issue in the literature. In this paper, we study the multicomponent maintenance problem over a finite planning horizon and formulate the problem as a multistage stochastic integer program with decision-dependent uncertainty. There is a lack of general efficient methods to solve this type of problem. To address this challenge, we use an alternative approach to model the underlying failure process and develop a novel two-stage model without decision-dependent uncertainty. Structural properties of the two-stage problem are investigated, and a progressive-hedging-based heuristic is developed based on the structural properties. Our heuristic algorithm demonstrates a significantly improved capacity to handle large-size two-stage problems comparing to three conventional methods for stochastic integer programming, and solving the two-stage model by our heuristic in a rolling horizon provides a good approximation of the multistage problem. The heuristic is further benchmarked with a dynamic programming approach and a structural policy, which are two commonly adopted approaches in the literature. Numerical results show that our heuristic can lead to significant cost savings compared with the benchmark approaches.",Heuristic | Maintenance optimization | Multicomponent system | Progressive hedging algorithm | Stochastic programming,3,"[{""authid"": ""57191078548"", ""authname"": ""Zhu Z."", ""surname"": ""Zhu"", ""given_name"": ""Zhicheng"", ""initials"": ""Z."", ""afid"": [{""@_fa"": ""true"", ""$"": ""60149446""}]}, {""authid"": ""24345884500"", ""authname"": ""Xiang Y."", ""surname"": ""Xiang"", ""given_name"": ""Yisha"", ""initials"": ""Y."", ""afid"": [{""@_fa"": ""true"", ""$"": ""60149446""}]}, {""authid"": ""7102492982"", ""authname"": ""Zeng B."", ""surname"": ""Zeng"", ""given_name"": ""Bo"", ""initials"": ""B."", ""afid"": [{""@_fa"": ""true"", ""$"": ""60159192""}]}]","[{""afid"": ""60159192"", ""affilname"": ""Swanson School of Engineering"", ""affiliation_city"": ""Pittsburgh"", ""affiliation_country"": ""United States""}, {""afid"": ""60149446"", ""affilname"": ""Edward E. Whitacre Jr. College of Engineering"", ""affiliation_city"": ""Lubbock"", ""affiliation_country"": ""United States""}]",Journal,ar,Article,0,False,0.4696691077720875
SCOPUS_ID:85114662893,2-s2.0-85114662893,The risk-averse static stochastic knapsack problem,Merzifonluoglu Y.,Informs Journal on Computing,10919856,15265528,33,3,931-948,2021-06-01,June 2021,10.1287/ijoc.2020.0972,1,"This paper considers a single-resource allocation problem for multiple items with random, independent resource consumption values, known as the static stochastic knapsack problem (SSKP). Whereas the existing SSKP literature generally assumes a risk-neutral objective using an expected value approach, such an approach can maximize expected profit while admitting the possibility of very high losses in some unfavorable scenarios. Because of this, we consider two popular risk measures, conditional value-at-risk (CVaR) and a mean-standard deviation trade-off, in order to address risk within this problem class. Optimizing the trade-offs associated with these risk measures presents significant modeling and computational challenges. To address these challenges, we first provide mixed-integer linear programming models using a scenario-based approach, which can be exploited to provide exact solutions for discrete distributions. For general distributions, a sample average approximation method provides approximate solutions. We then propose a general mixed integer nonlinear optimization modeling approach for the special case of normally distributed resource requirements. This modeling approach incorporates a new class of normalized penalty functions that account for both the expected costs and risks associated with uncertainty, and it can be specialized to a broad class of risk measures, including CVaR and mean-standard deviation. Our results characterize key optimality properties for the associated continuous relaxation of the proposed general model and provide insights on valuable rank-ordering mechanisms for items with uncertain resource needs under different risk measures. For this broadly applicable case, we present a class of efficient and high-performing asymptotically optimal heuristic methods based on these optimality conditions. An extensive numerical study evaluates the efficiency and quality of the proposed solution methods, identifies optimal item selection strategies, and examines the sensitivity of the solution to varying levels of risk, excess weight penalty values, and knapsack capacity values. Summary of Contribution: This research proposes and analyzes new models for a stochastic resource allocation problem that arises in a variety of operations contexts. One of the primary contributions of the paper lies in providing a succinct, robust, and general model that can address a range of different risk-based objectives and cost assumptions under uncertainty. While the model expression is relatively simple, it embeds a reasonably high degree of underlying complexity, as the analysis shows. In addition, in-depth analysis of the model, both in its general form and under various specific risk measures, uncovers some interesting and powerful insights regarding the problem tradeoffs. Furthermore, this analysis leads to a highly efficient class of heuristic algorithms for solving the problem, which we demonstrate via numerical experimentation to provide close-to-optimal solutions. This computational benefit is a critical element for solving a class of broadly applicable larger problems for which our problem arises as a subproblem that requires repeated solution.",Conditional value-at-risk | Normal distribution | Stochastic knapsack problem,2,"[{""authid"": ""13102919800"", ""authname"": ""Merzifonluoglu Y."", ""surname"": ""Merzifonluoglu"", ""given_name"": ""Yasemin"", ""initials"": ""Y."", ""afid"": [{""@_fa"": ""true"", ""$"": ""60115894""}]}, {""authid"": ""6603123668"", ""authname"": ""Geunes J."", ""surname"": ""Geunes"", ""given_name"": ""Joseph"", ""initials"": ""J."", ""afid"": [{""@_fa"": ""true"", ""$"": ""60148980""}]}]","[{""afid"": ""60148980"", ""affilname"": ""College of Engineering"", ""affiliation_city"": ""College Station"", ""affiliation_country"": ""United States""}, {""afid"": ""60115894"", ""affilname"": ""Tilburg School of Economics and Management"", ""affiliation_city"": ""Tilburg"", ""affiliation_country"": ""Netherlands""}]",Journal,ar,Article,0,False,0.5263172161812184
SCOPUS_ID:85132318351,2-s2.0-85132318351,Structured Robust Submodular Maximization: Offline and Online Algorithms,Torrico A.,Informs Journal on Computing,10919856,15265528,33,4,1590-1607,2021-09-01,September 2021,10.1287/ijoc.2020.0998,7,"Constrained submodular function maximization has been used in subset selection problems such as selection of most informative sensor locations. Although these models have been quite popular, the solutions obtained via this approach are unstable to perturbations in data defining the submodular functions. Robust submodular maximization has been proposed as a richer model that aims to overcome this discrepancy as well as increase the modeling scope of submodular optimization. In this work, we consider robust submodular maximization with structured combinatorial constraints and give efficient algorithms with provable guarantees. Our approach is applicable to constraints defined by single or multiple matroids and knapsack as well as distributionally robust criteria.We consider both the offline setting where the data defining the problem are known in advance and the online setting where the input data are revealed over time. For the offline setting, we give a general (nearly) optimal bicriteria approximation algorithm that relies on new extensions of classical algorithms for submodular maximization. For the online version of the problem, we give an algorithm that returns a bicriteria solution with sublinear regret. Summary of Contribution: Constrained submodular maximization is one of the core areas in combinatorial optimization with a wide variety of applications in operations research and computer science. Over the last decades, both communities have been interested on the design and analysis of new algorithms with provable guarantees. Sensor location, influence maximization and data summarization are some of the applications of submodular optimization that lie at the intersection of the aforementioned communities. Particularly, our work focuses on optimizing several submodular functions simultaneously. We provide new insights and algorithms to the offline and online variants of the problem which significantly expand the related literature. At the same time, we provide a computational study that supports our theoretical results.",greedy algorithm | matroid constraints | online learning | robust optimization | submodular optimization,6,"[{""authid"": ""57148036100"", ""authname"": ""Torrico A."", ""surname"": ""Torrico"", ""given_name"": ""Alfredo"", ""initials"": ""A."", ""afid"": [{""@_fa"": ""true"", ""$"": ""60019141""}]}, {""authid"": ""55469458300"", ""authname"": ""Singh M."", ""surname"": ""Singh"", ""given_name"": ""Mohit"", ""initials"": ""M."", ""afid"": [{""@_fa"": ""true"", ""$"": ""60136858""}]}, {""authid"": ""23019856800"", ""authname"": ""Pokutta S."", ""surname"": ""Pokutta"", ""given_name"": ""Sebastian"", ""initials"": ""S."", ""afid"": [{""@_fa"": ""true"", ""$"": ""60011604""}, {""@_fa"": ""true"", ""$"": ""60032824""}]}, {""authid"": ""56394619900"", ""authname"": ""Haghtalab N."", ""surname"": ""Haghtalab"", ""given_name"": ""Nika"", ""initials"": ""N."", ""afid"": [{""@_fa"": ""true"", ""$"": ""60278093""}]}, {""authid"": ""7006895259"", ""authname"": ""Naor J."", ""surname"": ""Naor"", ""given_name"": ""Joseph"", ""initials"": ""J."", ""afid"": [{""@_fa"": ""true"", ""$"": ""60022403""}]}, {""authid"": ""36719859200"", ""authname"": ""Anari N."", ""surname"": ""Anari"", ""given_name"": ""Nima"", ""initials"": ""N."", ""afid"": [{""@_fa"": ""true"", ""$"": ""60141508""}]}]","[{""afid"": ""60022403"", ""affilname"": ""Technion - Israel Institute of Technology"", ""affiliation_city"": ""Haifa"", ""affiliation_country"": ""Israel""}, {""afid"": ""60011604"", ""affilname"": ""Technische Universit\u00e4t Berlin"", ""affiliation_city"": ""Berlin"", ""affiliation_country"": ""Germany""}, {""afid"": ""60141508"", ""affilname"": ""Stanford Engineering"", ""affiliation_city"": ""Stanford"", ""affiliation_country"": ""United States""}, {""afid"": ""60136858"", ""affilname"": ""College of Engineering"", ""affiliation_city"": ""Atlanta"", ""affiliation_country"": ""United States""}, {""afid"": ""60019141"", ""affilname"": ""Polytechnique Montr\u00e9al"", ""affiliation_city"": ""Montreal"", ""affiliation_country"": ""Canada""}, {""afid"": ""60278093"", ""affilname"": ""Cornell Ann S. Bowers College of Computing and Information Science"", ""affiliation_city"": ""Ithaca"", ""affiliation_country"": ""United States""}, {""afid"": ""60032824"", ""affilname"": ""Zuse Institute Berlin"", ""affiliation_city"": ""Berlin"", ""affiliation_country"": ""Germany""}]",Journal,ar,Article,2,False,0.4464930556774151
SCOPUS_ID:85134615218,2-s2.0-85134615218,Integrated Multiresource Capacity Planning and Multitype Patient Scheduling,Zhou L.,Informs Journal on Computing,10919856,15265528,34,1,129-149,2022-01-01,January 2022,10.1287/ijoc.2020.1048,10,"The joint optimization problem of multiresource capacity planning and multitype patient scheduling under uncertain demands and random capacity consumption poses a significant computational challenge. The common practice in solving this problem is to first identify capacity levels and then determine patient scheduling decisions separately, which typically leads to suboptimal decisions that often result in ineffective outcomes of care. In order to overcome these inefficiencies, in this paper, we propose a novel two-stage stochastic optimization model that integrates these two decisions, which can lower costs by exploring the coupling relationship between patient scheduling and capacity configuration. The patient scheduling problem is modeled as a Markov decision process. We first analyze the properties for the multitype patient case under specific assumptions and then establish structural properties of the optimal scheduling policy for the one-type patient case. Based on these findings, we propose optimal solution algorithms to solve the joint optimization problem for this special case. Because it is intractable to solve the original two-stage problem for a general multitype system with large state space, we propose a heuristic policy and a two-stage stochastic mixed-integer programming model solved by the Benders decomposition algorithm, which is further improved by combining an approximate linear program and the look-ahead strategy. To illustrate the efficiency of our approaches and draw managerial insights, we apply our solutions to a data set from the day surgery center of a large public hospital in Shanghai, China. The results show that the joint optimization of capacity planning and patient scheduling could significantly improve the performance. Furthermore, our model can be applied to a rolling-horizon framework to optimize dynamic patient scheduling decisions. Through extensive numerical analyses, we demonstrate that our approaches yield good performances, as measured by the gap against an upper bound, and that these approaches outperform several benchmark policies. Summary of Contribution: First, this paper investigates the joint optimization problem of multiresource capacity planning and multitype patient scheduling under uncertain demands and random capacity consumption, which poses a significant computational challenge. It belongs to the scope of computing and operations research. Second, this paper formulates a mathematical model, establishes optimality properties, proposes solution algorithms, and performs extensive numerical experiments using real-world data. This work includes aspects of dynamic stochastic control, computing algorithms, and experiments. Moreover, this paper is motivated by a practical problem (joint management of capacity planning and patient scheduling in the day surgery center) in our cooperative hospital, which is also key to numerous other applications, for example, the make-to-order manufacturing systems and computing facility systems. By using the optimality properties, solution algorithms, and management insights derived in this paper, the practitioners can be equipped with a decision support tool for efficient and effective operation decisions.",approximate linear program | capacity planning | Markov decision process | patient scheduling | two-stage stochastic optimization,4,"[{""authid"": ""57188644963"", ""authname"": ""Zhou L."", ""surname"": ""Zhou"", ""given_name"": ""Liping"", ""initials"": ""L."", ""afid"": [{""@_fa"": ""true"", ""$"": ""60025084""}]}, {""authid"": ""15762469600"", ""authname"": ""Geng N."", ""surname"": ""Geng"", ""given_name"": ""Na"", ""initials"": ""N."", ""afid"": [{""@_fa"": ""true"", ""$"": ""60025084""}]}, {""authid"": ""55628575343"", ""authname"": ""Jiang Z."", ""surname"": ""Jiang"", ""given_name"": ""Zhibin"", ""initials"": ""Z."", ""afid"": [{""@_fa"": ""true"", ""$"": ""60123369""}]}, {""authid"": ""57193030072"", ""authname"": ""Jiang S."", ""surname"": ""Jiang"", ""given_name"": ""Shan"", ""initials"": ""S."", ""afid"": [{""@_fa"": ""true"", ""$"": ""60120699""}]}]","[{""afid"": ""60025084"", ""affilname"": ""Shanghai Jiao Tong University"", ""affiliation_city"": ""Shanghai"", ""affiliation_country"": ""China""}, {""afid"": ""60123369"", ""affilname"": ""Antai College of Economics and Management"", ""affiliation_city"": ""Shanghai"", ""affiliation_country"": ""China""}, {""afid"": ""60120699"", ""affilname"": ""Department of Industrial and Systems Engineering"", ""affiliation_city"": ""Piscataway"", ""affiliation_country"": ""United States""}]",Journal,ar,Article,0,False,0.5175533514398496
SCOPUS_ID:85134515894,2-s2.0-85134515894,State-Variable Modeling for a Class of Two-Stage Stochastic Optimization Problems,Doulabi H.H.,Informs Journal on Computing,10919856,15265528,34,1,354-369,2022-01-01,January 2022,10.1287/ijoc.2020.1044,0,"This paper considers a class of two-stage stochastic mixed-integer optimization problems where, for a given first-stage solution, we can determine the optimal values of recourse variables sequentially. This class of problems arises in a wide variety of applications. In the case of multivariate discrete distributions for uncertain parameters, a standard stochastic programming formulation of these problems involves an exponential number of scenarios, therefore an exponential number of variables and constraints. We propose a new mixed-integer programming modeling approach where the number of variables and constraints is independent of the number of scenarios and scales at most pseudopolynomially with the problem size. The proposed modeling approach relies on state variables that track the system's state as the uncertainty realizes sequentially. We demonstrate the advantages of the proposed approach in two applications arising in project scheduling and operating room allocation. Summary of Contribution: This paper proposes a new modeling approach for a class of two-stage stochastic optimization problems that is computationally more efficient than the traditional scenario-based stochastic integer programming models. The proposed modeling approach relies on state variables that track the system's state as the uncertainty realizes sequentially. We demonstrated the efficiency of the proposed approach by computational results on two applications in project scheduling and operating room allocation.",state-variable modeling | stochastic programming | Two-stage stochastic optimization,3,"[{""authid"": ""57221287349"", ""authname"": ""Doulabi H.H."", ""surname"": ""Doulabi"", ""given_name"": ""Hossein Hashemi"", ""initials"": ""H.H."", ""afid"": [{""@_fa"": ""true"", ""$"": ""60033154""}, {""@_fa"": ""true"", ""$"": ""60113917""}]}, {""authid"": ""55456817400"", ""authname"": ""Ahmed S."", ""surname"": ""Ahmed"", ""given_name"": ""Shabbir"", ""initials"": ""S."", ""afid"": [{""@_fa"": ""true"", ""$"": ""60019647""}]}, {""authid"": ""7004137140"", ""authname"": ""Nemhauser G."", ""surname"": ""Nemhauser"", ""given_name"": ""George"", ""initials"": ""G."", ""afid"": [{""@_fa"": ""true"", ""$"": ""60019647""}]}]","[{""afid"": ""60019647"", ""affilname"": ""Georgia Institute of Technology"", ""affiliation_city"": ""Atlanta"", ""affiliation_country"": ""United States""}, {""afid"": ""60033154"", ""affilname"": ""Concordia University"", ""affiliation_city"": ""Montreal"", ""affiliation_country"": ""Canada""}, {""afid"": ""60113917"", ""affilname"": ""Centre Interuniversitaire de Recherche sur les R\u00e9seaux d\u2018Entreprise, la Logistique et le Transport"", ""affiliation_city"": ""Montreal"", ""affiliation_country"": ""Canada""}]",Journal,ar,Article,0,False,0.4749009180907392
SCOPUS_ID:85134483203,2-s2.0-85134483203,Combining Polyhedral Approaches and Stochastic Dual Dynamic Integer Programming for Solving the Uncapacitated Lot-Sizing Problem under Uncertainty,Quezada F.,Informs Journal on Computing,10919856,15265528,34,2,1024-1041,2022-03-01,March 2022,10.1287/ijoc.2021.1118,12,"We study the uncapacitated lot-sizing problem with uncertain demand and costs. The problemismodeled as amultistage stochasticmixed-integer linear programinwhich the evolution of the uncertain parameters is represented by a scenario tree. To solve this problem, we propose a new extension of the stochastic dual dynamic integer programming algorithm (SDDiP). This extension aims at being more computationally efficient in the management of the expected cost-to-go functions involved in the model, in particular by reducing their number and by exploiting the current knowledge on the polyhedral structure of the stochastic uncapacitated lot-sizing problem. The algorithm is based on a partial decomposition of the problem into a set of stochastic subproblems, each one involving a subset of nodes forming a subtree of the initial scenario tree. We then introduce a cutting plane-generation procedure that iteratively strengthens the linear relaxation of these subproblems and enables the generation of an additional strengthened Benders' cut,which improves the convergence of themethod. We carry out extensive computational experiments on randomly generated large-size instances. Our numerical results show that the proposed algorithm significantly outperforms the SDDiP algorithmat providing good-quality solutionswithin the computation time limit. Summary of Contribution: This paper investigates a combinatorial optimization problem called the uncapacitated lot-sizing problem. This problemhas beenwidely studied in the operations research literature as it appears as a core subprobleminmany industrial production planning problems. We consider a stochastic extension in which the input parameters are subject to uncertainty and model the resulting stochastic optimization problem as a multistage stochastic integer program. To solve this stochastic problem,we propose a novel extension of the recently published stochastic dual dynamic integer programming (SDDiP) algorithm. The proposed extension relies on two main ideas: the use of a partial decomposition of the scenario tree and the exploitation of existing knowledge on the polyhedral structure of the stochastic uncapacitated lot-sizing problem. We provide the results of extensive computational experiments carried out on large-size randomly generated instances. These results show that the proposed extended algorithm significantly outperforms the SDDiP at providing good-quality solutions for the stochastic uncapacitated lot-sizing problem. Although the paper focuses on a basic lot-sizing problem, the proposed algorithmic framework may be useful to solvemore complex practical production planning problems. Copyright:",multistage stochastic programming | node aggregation | partial decomposition | stochastic dual dynamic integer programming | stochastic lot sizing | valid inequalities,3,"[{""authid"": ""56878896200"", ""authname"": ""Quezada F."", ""surname"": ""Quezada"", ""given_name"": ""Franco"", ""initials"": ""F."", ""afid"": [{""@_fa"": ""true"", ""$"": ""60001422""}, {""@_fa"": ""true"", ""$"": ""60023383""}]}, {""authid"": ""25653565900"", ""authname"": ""Gicquel C."", ""surname"": ""Gicquel"", ""given_name"": ""C\u00e9line"", ""initials"": ""C."", ""afid"": [{""@_fa"": ""true"", ""$"": ""60276635""}]}, {""authid"": ""6507270370"", ""authname"": ""Kedad-Sidhoum S."", ""surname"": ""Kedad-Sidhoum"", ""given_name"": ""Safia"", ""initials"": ""S."", ""afid"": [{""@_fa"": ""true"", ""$"": ""60014541""}]}]","[{""afid"": ""60001422"", ""affilname"": ""Sorbonne Universit\u00e9"", ""affiliation_city"": ""Paris"", ""affiliation_country"": ""France""}, {""afid"": ""60023383"", ""affilname"": ""Universidad de Santiago de Chile"", ""affiliation_city"": ""Santiago"", ""affiliation_country"": ""Chile""}, {""afid"": ""60014541"", ""affilname"": ""Conservatoire National des Arts et Metiers"", ""affiliation_city"": ""Paris"", ""affiliation_country"": ""France""}, {""afid"": ""60276635"", ""affilname"": ""Laboratoire Interdisciplinaire des Sciences du Num\u00e9rique"", ""affiliation_city"": ""Orsay"", ""affiliation_country"": ""France""}]",Journal,ar,Article,2,False,0.49219310654773657
SCOPUS_ID:85137632501,2-s2.0-85137632501,Stochastic RWA and Lightpath Rerouting in WDM Networks,Daryalal M.,Informs Journal on Computing,10919856,15265528,34,5,2700-2719,2022-09-01,September 2022,10.1287/ijoc.2022.1179,3,"In a telecommunication network, routing and wavelength assignment (RWA) is the problem of finding lightpaths for incoming connection requests. When facing a dynamic traffic, greedy assignment of lightpaths to incoming requests based on predefined deterministic policies leads to a fragmented network that cannot make use of its full capacity because of stranded bandwidth. At this point, service providers try to recover the capacity via a defragmentation process. We study this setting from two perspectives: (i) while granting the connection requests via the RWA problem and (ii) during the defragmentation process by lightpath rerouting. For both problems, we present the first two-stage stochastic integer programming model incorporating incoming request uncertainty to maximize the expected grade of service. We develop a decomposition-based solution approach, which uses various relaxations of the problem and a newly developed problem-specific cut family. Simulation of two-stage policies for a variety of instances in a rolling-horizon framework of 52 stages shows that our stochastic models provide high-quality solutions when compared with traditionally used deterministic ones. Specifically, the proposed provisioning policies yield improvements of up to 19% in overall grade of service and 20% in spectrum saving, while the stochastic lightpath rerouting policies grant up to 36% more requests, using up to just 4% more bandwidth spectrum.",lightpath rerouting | optical networks | routing and wavelength assignment | two-stage stochastic programming,2,"[{""authid"": ""57190222427"", ""authname"": ""Daryalal M."", ""surname"": ""Daryalal"", ""given_name"": ""Maryam"", ""initials"": ""M."", ""afid"": [{""@_fa"": ""true"", ""$"": ""60002970""}]}, {""authid"": ""55878266300"", ""authname"": ""Bodur M."", ""surname"": ""Bodur"", ""given_name"": ""Merve"", ""initials"": ""M."", ""afid"": [{""@_fa"": ""true"", ""$"": ""60016849""}]}]","[{""afid"": ""60016849"", ""affilname"": ""University of Toronto"", ""affiliation_city"": ""Toronto"", ""affiliation_country"": ""Canada""}, {""afid"": ""60002970"", ""affilname"": ""HEC Montr\u00e9al"", ""affiliation_city"": ""Montreal"", ""affiliation_country"": ""Canada""}]",Journal,ar,Article,2,False,0.4437720491063469
SCOPUS_ID:85145683069,2-s2.0-85145683069,Comparative analysis of linear programming relaxations for the robust knapsack problem,Joung S.,Annals of Operations Research,02545330,15729338,323,1-2,65-78,2023-04-01,April 2023,10.1007/s10479-022-05161-w,2,"In this study, we consider the robust knapsack problem defined by the model of Bertsimas and Sim (Operations Research 52(1):35–53, 2004) where each item weight is uncertain and is defined with an interval. The problem is to choose a subset of items that is feasible for all of the cases in which up to a pre-specified number of items are allowed to take maximum weights simultaneously while maximizing the sum of profits of chosen items. Several integer optimization formulations for the problem have been proposed, however the strength of the upper bounds obtained from their LP-relaxations have not been theoretically analyzed and compared. In this paper, we establish a theoretical relationship among those formulations in terms of their LP-relaxations. Especially, we theoretically prove that previously proposed strong formulations (two extended formulations and a formulation using submodularity) yield the same LP-relaxation bound. In addition, through computational tests with benchmark instances, we analyze the trade-off between the strength of the lower bounds and the required computation time to solve the LP-relaxations. The results show that the formulation using submodularity shows competitive theoretical and computational performance.",Comparative analysis | Integer optimization models | Linear programming relaxations | Robust knapsack problem | Strong formulations,3,"[{""authid"": ""57195491020"", ""authname"": ""Joung S."", ""surname"": ""Joung"", ""given_name"": ""Seulgi"", ""initials"": ""S."", ""afid"": [{""@_fa"": ""true"", ""$"": ""60007215""}]}, {""authid"": ""58044287500"", ""authname"": ""Oh S."", ""surname"": ""Oh"", ""given_name"": ""Seyoung"", ""initials"": ""S."", ""afid"": [{""@_fa"": ""true"", ""$"": ""60013682""}]}, {""authid"": ""56100718900"", ""authname"": ""Lee K."", ""surname"": ""Lee"", ""given_name"": ""Kyungsik"", ""initials"": ""K."", ""afid"": [{""@_fa"": ""true"", ""$"": ""60013682""}]}]","[{""afid"": ""60013682"", ""affilname"": ""Seoul National University"", ""affiliation_city"": ""Seoul"", ""affiliation_country"": ""South Korea""}, {""afid"": ""60007215"", ""affilname"": ""Chonnam National University"", ""affiliation_city"": ""Gwangju"", ""affiliation_country"": ""South Korea""}]",Journal,ar,Article,0,False,0.4793766108823588
SCOPUS_ID:85076831374,2-s2.0-85076831374,Workforce production planning under uncertain learning rates,Cavagnini R.,International Journal of Production Economics,09255273,,225,,,2020-07-01,July 2020,10.1016/j.ijpe.2019.107590,26,"In this paper, we consider a product manufacturer that seeks to leverage the potential of human learning to develop the capacity of its workforce and to reduce its costs. Unlike much of the literature in this area, we do not assume that the rate at which individuals learn is known with certainty. We present a two-stage stochastic programming model of the related production planning problem that quantifies the impact of worker assignment decisions to produce through an exponential learning curve which we linearize to yield a mixed integer linear program that can be solved efficiently. With this stochastic program, we perform a rigorously designed computational study and statistical analysis to derive tactics and managerial insights for how an organization should plan its production operations about assignment, cross-training and practicing. Results suggest that explicitly recognizing uncertainty in learning rates would reduce costs and that when dealing with assignment decisions, the leading factor to consider is the mean learning rate. On the other hand, when dealing with cross-training and practicing decisions, the learning rate variance is more predictive. We also assess the impact of explicitly considering stochastic forgetting rates in the productivity curve, finding that in the optimal assignment schedule, workers practice more and always specialize.",Cross-training | Production planning | Stochastic learning and forgetting rates | Stochastic programming,3,"[{""authid"": ""57212491973"", ""authname"": ""Cavagnini R."", ""surname"": ""Cavagnini"", ""given_name"": ""Rossana"", ""initials"": ""R."", ""afid"": [{""@_fa"": ""true"", ""$"": ""60005254""}]}, {""authid"": ""34872009800"", ""authname"": ""Hewitt M."", ""surname"": ""Hewitt"", ""given_name"": ""Mike"", ""initials"": ""M."", ""afid"": [{""@_fa"": ""true"", ""$"": ""60003545""}]}, {""authid"": ""22835919600"", ""authname"": ""Maggioni F."", ""surname"": ""Maggioni"", ""given_name"": ""Francesca"", ""initials"": ""F."", ""afid"": [{""@_fa"": ""true"", ""$"": ""60005254""}]}]","[{""afid"": ""60003545"", ""affilname"": ""Loyola University Chicago"", ""affiliation_city"": ""Chicago"", ""affiliation_country"": ""United States""}, {""afid"": ""60005254"", ""affilname"": ""Universit\u00e0 degli Studi di Bergamo"", ""affiliation_city"": ""Bergamo"", ""affiliation_country"": ""Italy""}]",Journal,ar,Article,0,False,0.49440837137345
SCOPUS_ID:85195813631,2-s2.0-85195813631,Technical Note—Greedy Algorithm for Multiway Matching with Bounded Regret,Gupta V.,Operations Research,0030364X,15265463,72,3,1139-1155,2024-05-01,1 May 2024,10.1287/opre.2022.2400,8,"In this paper, we prove the efficacy of a simple greedy algorithm for a finite horizon online resource allocation/matching problem when the corresponding static planning linear program (SPP) exhibits a nondegeneracy condition called the general position gap (GPG). The key intuition that we formalize is that the solution of the reward-maximizing SPP is the same as a feasibility linear program restricted to the optimal basic activities, and under GPG, this solution can be tracked with bounded regret by a greedy algorithm, that is, without the commonly used technique of periodically resolving the SPP. The goal of the decision maker is to combine resources (from a finite set of resource types) into configurations (from a finite set of feasible configurations) in which each configuration is specified by the number of resources consumed of each type and a reward. The resources are further subdivided into three types—off-line (whose quantity is known and available at time 0), online-queueable (which arrive online and can be stored in a buffer), and online-nonqueueable (which arrive online and must be matched on arrival or lost). Under GPG, we prove that (i) our greedy algorithm gets bounded anytime regret of O(1=∈<inf>0</inf>) for matching reward (∈<inf>0</inf> is a measure of the GPG) when no configuration contains both an online-queueable and an online-nonqueueable resource and (ii) O(log t) expected anytime regret otherwise (we also prove a matching lower bound). By considering the three types of resources, our matching framework encompasses several well-studied problems, such as dynamic multisided matching, network revenue management, online stochastic packing, and multiclass queueing systems.",amortized analysis | dynamic matching | general position gap | Lyapunov analysis | sum-of-squares,1,"[{""authid"": ""56926923400"", ""authname"": ""Gupta V."", ""surname"": ""Gupta"", ""given_name"": ""Varun"", ""initials"": ""V."", ""afid"": [{""@_fa"": ""true"", ""$"": ""60112748""}]}]","[{""afid"": ""60112748"", ""affilname"": ""The University of Chicago Booth School of Business"", ""affiliation_city"": ""Chicago"", ""affiliation_country"": ""United States""}]",Journal,ar,Article,0,False,0.5186804367826388
SCOPUS_ID:85108953462,2-s2.0-85108953462,Scheduling jobs with normally distributed processing times on parallel machines,Novak A.,European Journal of Operational Research,03772217,,297,2,422-441,2022-03-01,1 March 2022,10.1016/j.ejor.2021.05.011,14,"We consider a stochastic parallel machine scheduling problem, where the jobs have uncertain processing time described by a normal probability distribution. The objective is to maximize the probability that all the jobs are completed before a common due date. The considered problem has many practical applications, but it is notoriously known to be difficult as it involves several non-linearities which complicates its analysis and solution. In this work, we have developed novel lower and upper bounds on the objective function. The upper bound is computed via a solution to a problem where a subset of machines is represented as a single machine having a modified due date. Furthermore, we study lower and upper bounds on the number of jobs that must be scheduled on a machine in an optimal schedule. Subsequently, we use the bounds to construct an efficient branch-and-price algorithm where the pricing problem is found to be related to an inflatable stochastic Knapsack problem. An advantage of the branch-and-price algorithm is a constraint branching mechanism that mitigates symmetries in the solution space. The performance evaluation of the proposed algorithm shows that our algorithm outperforms the state-of-the-art method. In this paper, we also study a special case of the problem assuming two machines. We developed a scalable method whose efficiency arises from the concavity of the relaxed objective function and a fast procedure to recover optimal integer solution from it. These improvements allowed us to solve instances with 500 jobs within a few seconds.",Branch-and-price | Parallel machines | Processing time uncertainty | Scheduling | β-Robust scheduling,5,"[{""authid"": ""57214474562"", ""authname"": ""Novak A."", ""surname"": ""Novak"", ""given_name"": ""Antonin"", ""initials"": ""A."", ""afid"": [{""@_fa"": ""true"", ""$"": ""60116823""}, {""@_fa"": ""true"", ""$"": ""60013323""}]}, {""authid"": ""8434193300"", ""authname"": ""Sucha P."", ""surname"": ""Sucha"", ""given_name"": ""Premysl"", ""initials"": ""P."", ""afid"": [{""@_fa"": ""true"", ""$"": ""60116823""}]}, {""authid"": ""57540872000"", ""authname"": ""Novotny M."", ""surname"": ""Novotny"", ""given_name"": ""Matej"", ""initials"": ""M."", ""afid"": [{""@_fa"": ""true"", ""$"": ""60116823""}]}, {""authid"": ""57211741667"", ""authname"": ""Stec R."", ""surname"": ""Stec"", ""given_name"": ""Richard"", ""initials"": ""R."", ""afid"": [{""@_fa"": ""true"", ""$"": ""60116823""}]}, {""authid"": ""6602417513"", ""authname"": ""Hanzalek Z."", ""surname"": ""Hanzalek"", ""given_name"": ""Zdenek"", ""initials"": ""Z."", ""afid"": [{""@_fa"": ""true"", ""$"": ""60116823""}]}]","[{""afid"": ""60013323"", ""affilname"": ""Czech Technical University in Prague"", ""affiliation_city"": ""Prague"", ""affiliation_country"": ""Czech Republic""}, {""afid"": ""60116823"", ""affilname"": ""Czech Institute of Informatics, Robotics and Cybernetics"", ""affiliation_city"": ""Prague"", ""affiliation_country"": ""Czech Republic""}]",Journal,ar,Article,0,False,0.5147767185314404
SCOPUS_ID:85120374826,2-s2.0-85120374826,Stage-t scenario dominance for risk-averse multi-stage stochastic mixed-integer programs,Büyüktahtakın I.E.,Annals of Operations Research,02545330,15729338,309,1,,2022-02-01,February 2022,10.1007/s10479-021-04388-3,15,"This paper presents a new and general approach, named “Stage-t Scenario Dominance,” to solve the risk-averse multi-stage stochastic mixed-integer programs (M-SMIPs). Given a monotonic objective function, our method derives a partial ordering of scenarios by pairwise comparing the realization of uncertain parameters at each time stage under each scenario. Specifically, we derive bounds and implications from the “Stage-t Scenario Dominance” by using the partial ordering of scenarios and solving a subset of individual scenario sub-problems up to stage t. Using these inferences, we generate new cutting planes to tackle the computational difficulty of risk-averse M-SMIPs. We also derive results on the minimum number of scenario-dominance relations generated. We demonstrate the use of this methodology on a stochastic version of the mean-conditional value-at-risk (CVaR) dynamic knapsack problem. Our computational experiments address those instances that have uncertainty, which correspond to the objective, left-hand side, and right-hand side parameters. Computational results show that our “scenario dominance""-based method can reduce the solution time for mean-risk, stochastic, multi-stage, and multi-dimensional knapsack problems with both integer and continuous variables, whose structure is similar to the mean-risk M-SMIPs, with varying risk characteristics by one-to-two orders of magnitude for varying numbers of random variables in each stage. Computational results also demonstrate that strong dominance cuts perform well for those instances with ten random variables in each stage, and ninety random variables in total. The proposed scenario dominance framework is general and can be applied to a wide range of risk-averse and risk-neutral M-SMIP problems.",Bounds | Conditional value-at-risk (CVaR) | Cutting planes | Partial ordering of scenarios | Risk-averse | Stage-t scenario dominance | Stochastic dynamic knapsack problem | Time-consistent mean-risk multi-stage stochastic mixed-integer programs,1,"[{""authid"": ""37041223500"", ""authname"": ""B\u00fcy\u00fcktahtak\u0131n I.E."", ""surname"": ""B\u00fcy\u00fcktahtak\u0131n"", ""given_name"": ""I. Esra"", ""initials"": ""I.E."", ""afid"": [{""@_fa"": ""true"", ""$"": ""60024123""}]}]","[{""afid"": ""60024123"", ""affilname"": ""Newark College of Engineering"", ""affiliation_city"": ""Newark"", ""affiliation_country"": ""United States""}]",Journal,ar,Article,1,True,0.5233274711528677
SCOPUS_ID:85134205402,2-s2.0-85134205402,Stochastic Knapsack Revisited: The Service Level Perspective,Lyu G.,Operations Research,0030364X,15265463,70,2,729-747,2022-03-01,1 March 2022,10.1287/opre.2021.2173,9,"A key challenge in the resource allocation problem is to find near-optimal policies to serve different customers with random demands/revenues, using a fixed pool of capacity (properly configured). In this paper, we study the properties of three classes of allocation policies—responsive (with perfect hindsight), adaptive (with information updates), and anticipative (with forecast information) policies. These policies differ in how the information on actual demand and revenue of each customer is being revealed and integrated into the allocation decisions. We show that the analysis of these policies can be unified through the notion of “persistency” (or service level) values—the probability that a customer is being (completely) served in the optimal responsive policy. We analyze and compare the performances of these policies for both capacity minimization (with given persistency targets) and revenue maximization (with given capacity) models. In both models, the performance gaps between optimal anticipative policies and adaptive policies are shown to be bounded when the demand and revenue of each item are independently generated. In contrast, the gaps between the optimal adaptive policies and responsive policies can be arbitrarily large. More importantly, we show that the techniques developed, and the persistency values obtained from the optimal responsive policies can be used to design good adaptive and anticipative policies for the other two variants of resource allocation problems. This provides a unified approach to the design and analysis of algorithms for these problems.",capacity pooling | persistency value | resource allocation | service level | stochastic knapsack,5,"[{""authid"": ""56609025200"", ""authname"": ""Lyu G."", ""surname"": ""Lyu"", ""given_name"": ""Guodong"", ""initials"": ""G."", ""afid"": [{""@_fa"": ""true"", ""$"": ""60017161""}, {""@_fa"": ""true"", ""$"": ""60106360""}]}, {""authid"": ""58287873800"", ""authname"": ""Chou M.C."", ""surname"": ""Chou"", ""given_name"": ""Mabel C."", ""initials"": ""M.C."", ""afid"": [{""@_fa"": ""true"", ""$"": ""60017161""}, {""@_fa"": ""true"", ""$"": ""60106360""}]}, {""authid"": ""55665450500"", ""authname"": ""Teo C.P."", ""surname"": ""Teo"", ""given_name"": ""Chung Piaw"", ""initials"": ""C.P."", ""afid"": [{""@_fa"": ""true"", ""$"": ""60017161""}, {""@_fa"": ""true"", ""$"": ""60106360""}]}, {""authid"": ""43462255700"", ""authname"": ""Zheng Z."", ""surname"": ""Zheng"", ""given_name"": ""Zhichao"", ""initials"": ""Z."", ""afid"": [{""@_fa"": ""true"", ""$"": ""60018933""}]}, {""authid"": ""54386331400"", ""authname"": ""Zhong Y."", ""surname"": ""Zhong"", ""given_name"": ""Yuanguang"", ""initials"": ""Y."", ""afid"": [{""@_fa"": ""true"", ""$"": ""60024542""}]}]","[{""afid"": ""60017161"", ""affilname"": ""National University of Singapore"", ""affiliation_city"": ""Singapore City"", ""affiliation_country"": ""Singapore""}, {""afid"": ""60024542"", ""affilname"": ""South China University of Technology"", ""affiliation_city"": ""Guangzhou"", ""affiliation_country"": ""China""}, {""afid"": ""60018933"", ""affilname"": ""Singapore Management University"", ""affiliation_city"": ""Singapore City"", ""affiliation_country"": ""Singapore""}, {""afid"": ""60106360"", ""affilname"": ""NUS Business School"", ""affiliation_city"": ""Singapore City"", ""affiliation_country"": ""Singapore""}]",Journal,ar,Article,0,False,0.49083440662005484
SCOPUS_ID:105021832551,2-s2.0-105021832551,On the Value of Risk-Averse Multistage Stochastic Programming in Capacity Planning,Yu X.,Informs Journal on Computing,10919856,15265528,37,5,1143-1162,2025-09-01,September-October 2025,10.1287/ijoc.2023.0396,1,"We consider a risk-averse stochastic capacity planning problem under uncertain demand in each period. Using a scenario tree representation of the uncertainty, we formulate a multistage stochastic integer program to adjust the capacity expansion plan dynamically as more information on the uncertainty is revealed. Specifically, in each stage, a decision maker optimizes capacity acquisition and resource allocation to minimize certain risk measures of maintenance and operational cost. We compare it with a two-stage approach that determines the capacity acquisition for all the periods up front. Using expected conditional risk measures, we derive a tight lower bound and an upper bound for the gaps between the optimal objective values of risk-averse multistage models and their two-stage counterparts. Based on these derived bounds, we present general guidelines on when to solve risk-averse two-stage or multistage models. Furthermore, we propose approximation algorithms to solve the two models more efficiently, which are asymptotically optimal under an expanding market assumption. We conduct numerical studies using randomly generated and real-world instances with diverse sizes, to demonstrate the tightness of the analytical bounds and efficacy of the approximation algorithms. We find that the gaps between risk-averse multistage and two-stage models increase as the variability of the uncertain parameters increases and decrease as the decision maker becomes more risk averse. Moreover, a stagewise-dependent scenario tree attains much higher gaps than a stagewise-independent counterpart, whereas the latter produces tighter analytical bounds.",approximation algorithms | capacity planning | dynamic time-consistent risk measure | multistage stochastic integer programming | risk-averse optimization,2,"[{""authid"": ""57218847185"", ""authname"": ""Yu X."", ""surname"": ""Yu"", ""given_name"": ""Xian"", ""initials"": ""X."", ""afid"": [{""@_fa"": ""true"", ""$"": ""60149838""}]}, {""authid"": ""36562492400"", ""authname"": ""Shen S."", ""surname"": ""Shen"", ""given_name"": ""Siqian"", ""initials"": ""S."", ""afid"": [{""@_fa"": ""true"", ""$"": ""60025778""}]}]","[{""afid"": ""60025778"", ""affilname"": ""University of Michigan, Ann Arbor"", ""affiliation_city"": ""Ann Arbor"", ""affiliation_country"": ""United States""}, {""afid"": ""60149838"", ""affilname"": ""College of Engineering"", ""affiliation_city"": ""Columbus"", ""affiliation_country"": ""United States""}]",Journal,ar,Article,2,False,0.4891297205067517
SCOPUS_ID:105016317717,2-s2.0-105016317717,Distributionally robust multi-period operating room scheduling with multiple surgical disciplines under uncertain surgery durations,Xu X.,Omega United Kingdom,03050483,,138,,,2026-01-01,January 2026,10.1016/j.omega.2025.103420,0,"We study operating room (OR) scheduling with multiple surgical disciplines under uncertain surgery durations, considering time-dependent health urgency, where patient health deteriorates with the waiting time. The problem involves the opening of ORs, assignment of ORs to surgical disciplines, and assignment of surgeries (mandatory and optional surgeries) to ORs over a planning horizon, subject to the discipline-to-OR, discipline parallelism, discipline workload, and surgery deadline restrictions, and OR session capacity chance constraints. To characterize the uncertainty of surgery durations, we introduce a data-driven distributionally ambiguity set based on real surgery data, which incorporates the empirical mean and covariance. We formulate the problem as a distributionally robust chance-constrained model, where distributionally robust chance constraints are imposed on the OR session capacity. To solve the model, we transform it into a tractable mixed-integer linear program, and propose a tailored branch-and-price-and-cut algorithm based on a bounded bidirectional dynamic programming algorithm for the pricing subproblems. We use the limited-node-memory subset row inequalities to enhance the lower bounds found by column generation and apply two enhancement techniques to enhance computing efficiency. We conduct extensive numerical studies on instances generated from real surgery data. The results illustrate the computational superiority of our algorithm to the CPLEX solver, and highlight the benefits of our model over its stochastic programming counterpart and two heuristic scheduling rules. We also perform sensitivity analysis to generate managerial insights from the analytical findings.",Branch-and-price-and-cut algorithm | Distributionally robust optimization | Scheduling | Uncertain surgery durations,5,"[{""authid"": ""60103613200"", ""authname"": ""Xu X."", ""surname"": ""Xu"", ""given_name"": ""Xiaoyu"", ""initials"": ""X."", ""afid"": [{""@_fa"": ""true"", ""$"": ""60122365""}]}, {""authid"": ""18439000200"", ""authname"": ""Yin Y."", ""surname"": ""Yin"", ""given_name"": ""Yunqiang"", ""initials"": ""Y."", ""afid"": [{""@_fa"": ""true"", ""$"": ""60122365""}]}, {""authid"": ""56103089300"", ""authname"": ""Wang D."", ""surname"": ""Wang"", ""given_name"": ""Dujuan"", ""initials"": ""D."", ""afid"": [{""@_fa"": ""true"", ""$"": ""60128181""}]}, {""authid"": ""13302593800"", ""authname"": ""Cheng T.C.E."", ""surname"": ""Cheng"", ""given_name"": ""T. C.E."", ""initials"": ""T.C.E."", ""afid"": [{""@_fa"": ""true"", ""$"": ""60008928""}]}, {""authid"": ""43661856900"", ""authname"": ""Sima X."", ""surname"": ""Sima"", ""given_name"": ""Xiutian"", ""initials"": ""X."", ""afid"": [{""@_fa"": ""true"", ""$"": ""60073509""}]}]","[{""afid"": ""60008928"", ""affilname"": ""The Hong Kong Polytechnic University"", ""affiliation_city"": ""Hong Kong"", ""affiliation_country"": ""Hong Kong""}, {""afid"": ""60073509"", ""affilname"": ""West China School of Medicine/West China Hospital of Sichuan University"", ""affiliation_city"": ""Chengdu"", ""affiliation_country"": ""China""}, {""afid"": ""60128181"", ""affilname"": ""Business School of Sichuan University"", ""affiliation_city"": ""Chengdu"", ""affiliation_country"": ""China""}, {""afid"": ""60122365"", ""affilname"": ""School of Management and Economics of UESTC"", ""affiliation_city"": ""Chengdu"", ""affiliation_country"": ""China""}]",Journal,ar,Article,0,False,0.44594792486119816
SCOPUS_ID:85131441011,2-s2.0-85131441011,Solving the reliability-oriented generalized assignment problem by Lagrangian relaxation and Alternating Direction Method of Multipliers,Song M.,Expert Systems with Applications,09574174,,205,,,2022-11-01,1 November 2022,10.1016/j.eswa.2022.117644,11,"The well-known generalized assignment problem has many real-world applications. The assignment costs between agents and tasks affected by several factors could be unstable and uncertain. In this paper, we assume that the means and variances of assignment costs are known in advance. The idea is that the decision-maker aims to minimize the total assignment costs not only on average, but also to keep their variability as small as possible. Then, a reliability-oriented model with a nonlinear and concave objective function is formulated, and two decomposition-based methods are systematically developed for this challenging problem. The task allocation constraints are dualized and the Lagrangian relaxed problem is broken into many reliability-oriented knapsack subproblems. By the Lagrangian substitution technique, each subproblem is further decomposed into a standard knapsack problem and a simple univariate concave minimization problem. A lower bound is constructed and multipliers are optimized in dual problems by the subgradient method. Feasible solutions can be generated from the results of these reliability-oriented subproblems by Lagrangian heuristic. To further improve the convergence and solution quality, an Alternating Direction Method of Multipliers (ADMM) based decomposition approach is proposed. The augmented Lagrangian relaxed problem is split into a sequence of subproblems by the block coordinate descent method. To cope with the quadratic terms and the concave terms in these subproblems, linearization and Lagrangian substitution techniques are applied. Feasible solutions are produced from these subproblems, and solution quality can be evaluated by the lower bound provided by the Lagrangian relaxed problem. Numerical experiments are conducted on the test cases transformed from the standard benchmark instances, and the ADMM-based method has superior convergence and solution quality.",Alternating Direction Method of Multipliers | Generalized assignment problem | Lagrangian relaxation | Mean-standard deviation objective | Problem decomposition,2,"[{""authid"": ""57204592057"", ""authname"": ""Song M."", ""surname"": ""Song"", ""given_name"": ""Maocan"", ""initials"": ""M."", ""afid"": [{""@_fa"": ""true"", ""$"": ""60005244""}]}, {""authid"": ""55309148300"", ""authname"": ""Cheng L."", ""surname"": ""Cheng"", ""given_name"": ""Lin"", ""initials"": ""L."", ""afid"": [{""@_fa"": ""true"", ""$"": ""60005244""}]}]","[{""afid"": ""60005244"", ""affilname"": ""Southeast University"", ""affiliation_city"": ""Nanjing"", ""affiliation_country"": ""China""}]",Journal,ar,Article,0,False,0.539240879039988
